Workbook

Sheet CALIFORNIA
A1: CALIFORNIA
B3: Total | F3: Domestic | J3: International
B4: 2025 | C4: 2024 | D4: YOY % change | F4: 2025 | G4: 2024 | H4: YOY % change | J4: 2025 | K4: 2024 | L4: YOY % change
A6: January | B6: =F6+J6 -> 15668923 | C6: 15697415 | D6: =B6/C6-1 -> -0.0018150759 | F6: ='Los Angeles'!F6+Burbank!F6+'Long Beach'!F6+Ontario!F6+'Orange County'!F6+Oakland!F6+Sacramento!F6+'San Diego'!F6+'San Jose'!F6+'San Francisco'!F6 -> 12189130 | G6: ='Los Angeles'!G6+Burbank!G6+'Long Beach'!G6+Ontario!G6+'Orange County'!G6+Oakland!G6+Sacramento!G6+'San Diego'!G6+'San Jose'!G6+'San Francisco'!G6 -> 12383053 | H6: =F6/G6-1 -> -0.015660355 | J6: ='Los Angeles'!J6+Ontario!J6+'Orange County'!J6+Oakland!J6+Sacramento!J6+'San Diego'!J6+'San Jose'!J6+'San Francisco'!J6 -> 3479793 | K6: ='Los Angeles'!K6+Ontario!K6+'Orange County'!K6+Oakland!K6+Sacramento!K6+'San Diego'!K6+'San Jose'!K6+'San Francisco'!K6 -> 3314362 | L6: =J6/K6-1 -> 0.049913377
A7: February | B7: =F7+J7 -> 14341849 | C7: 14953150 | D7: =B7/C7-1 -> -0.040881085 | F7: ='Los Angeles'!F7+Burbank!F7+'Long Beach'!F7+Ontario!F7+'Orange County'!F7+Oakland!F7+Sacramento!F7+'San Diego'!F7+'San Jose'!F7+'San Francisco'!F7 -> 11474708 | G7: ='Los Angeles'!G7+Burbank!G7+'Long Beach'!G7+Ontario!G7+'Orange County'!G7+Oakland!G7+Sacramento!G7+'San Diego'!G7+'San Jose'!G7+'San Francisco'!G7 -> 12054010 | H7: =F7/G7-1 -> -0.048058862 | J7: ='Los Angeles'!J7+Ontario!J7+'Orange County'!J7+Oakland!J7+Sacramento!J7+'San Diego'!J7+'San Jose'!J7+'San Francisco'!J7 -> 2867141 | K7: ='Los Angeles'!K7+Ontario!K7+'Orange County'!K7+Oakland!K7+Sacramento!K7+'San Diego'!K7+'San Jose'!K7+'San Francisco'!K7 -> 2899140 | L7: =J7/K7-1 -> -0.011037411
A8: March | B8: =F8+J8 -> 17434379 | C8: 17670880 | D8: =B8/C8-1 -> -0.013383657 | F8: ='Los Angeles'!F8+Burbank!F8+'Long Beach'!F8+Ontario!F8+'Orange County'!F8+Oakland!F8+Sacramento!F8+'San Diego'!F8+'San Jose'!F8+'San Francisco'!F8 -> 14013509 | G8: ='Los Angeles'!G8+Burbank!G8+'Long Beach'!G8+Ontario!G8+'Orange County'!G8+Oakland!G8+Sacramento!G8+'San Diego'!G8+'San Jose'!G8+'San Francisco'!G8 -> 14197942 | H8: =F8/G8-1 -> -0.012990122 | J8: ='Los Angeles'!J8+Ontario!J8+'Orange County'!J8+Oakland!J8+Sacramento!J8+'San Diego'!J8+'San Jose'!J8+'San Francisco'!J8 -> 3420870 | K8: ='Los Angeles'!K8+Ontario!K8+'Orange County'!K8+Oakland!K8+Sacramento!K8+'San Diego'!K8+'San Jose'!K8+'San Francisco'!K8 -> 3472938 | L8: =J8/K8-1 -> -0.014992493
A9: April | B9: =F9+J9 -> 17734772 | C9: 17740047 | D9: =B9/C9-1 -> -0.00029734983 | F9: ='Los Angeles'!F9+Burbank!F9+'Long Beach'!F9+Ontario!F9+'Orange County'!F9+Oakland!F9+Sacramento!F9+'San Diego'!F9+'San Jose'!F9+'San Francisco'!F9 -> 14172456 | G9: ='Los Angeles'!G9+Burbank!G9+'Long Beach'!G9+Ontario!G9+'Orange County'!G9+Oakland!G9+Sacramento!G9+'San Diego'!G9+'San Jose'!G9+'San Francisco'!G9 -> 14280379 | H9: =F9/G9-1 -> -0.0075574325 | J9: ='Los Angeles'!J9+Ontario!J9+'Orange County'!J9+Oakland!J9+Sacramento!J9+'San Diego'!J9+'San Jose'!J9+'San Francisco'!J9 -> 3562316 | K9: ='Los Angeles'!K9+Ontario!K9+'Orange County'!K9+Oakland!K9+Sacramento!K9+'San Diego'!K9+'San Jose'!K9+'San Francisco'!K9 -> 3412146 | L9: =J9/K9-1 -> 0.044010426
A10: May | B10: =F10+J10 -> 18994856 | C10: 19113002 | D10: =B10/C10-1 -> -0.0061814465 | F10: ='Los Angeles'!F10+Burbank!F10+'Long Beach'!F10+Ontario!F10+'Orange County'!F10+Oakland!F10+Sacramento!F10+'San Diego'!F10+'San Jose'!F10+'San Francisco'!F10 -> 15299389 | G10: ='Los Angeles'!G10+Burbank!G10+'Long Beach'!G10+Ontario!G10+'Orange County'!G10+Oakland!J10+Sacramento!G10+'San Diego'!G10+'San Jose'!G10+'San Francisco'!G10 -> 14524384 | H10: =F10/G10-1 -> 0.053358889 | J10: ='Los Angeles'!J10+Ontario!J10+'Orange County'!J10+Oakland!J10+Sacramento!J10+'San Diego'!J10+'San Jose'!J10+'San Francisco'!J10 -> 3695467 | K10: ='Los Angeles'!K10+Ontario!K10+'Orange County'!K10+Oakland!K10+Sacramento!K10+'San Diego'!K10+'San Jose'!K10+'San Francisco'!K10 -> 3702789 | L10: =J10/K10-1 -> -0.0019774284
A11: June | B11: =F11+J11 -> 19954080 | C11: 19957375 | D11: =B11/C11-1 -> -0.00016510187 | F11: ='Los Angeles'!F11+Burbank!F11+'Long Beach'!F11+Ontario!F11+'Orange County'!F11+Oakland!F11+Sacramento!F11+'San Diego'!F11+'San Jose'!F11+'San Francisco'!F11 -> 15917371 | G11: ='Los Angeles'!G11+Burbank!G11+'Long Beach'!G11+Ontario!G11+'Orange County'!G11+Oakland!G11+Sacramento!G11+'San Diego'!G11+'San Jose'!G11+'San Francisco'!G11 -> 15918203 | H11: =F11/G11-1 -> -5.2267206e-05 | J11: ='Los Angeles'!J11+Ontario!J11+'Orange County'!J11+Oakland!J11+Sacramento!J11+'San Diego'!J11+'San Jose'!J11+'San Francisco'!J11 -> 4036709 | K11: ='Los Angeles'!K11+Ontario!K11+'Orange County'!K11+Oakland!K11+Sacramento!K11+'San Diego'!K11+'San Jose'!K11+'San Francisco'!K11 -> 4039172 | L11: =J11/K11-1 -> -0.00060977844
A12: July | B12: =F12+J12 -> 20646984 | C12: 20822207 | D12: =B12/C12-1 -> -0.0084151983 | F12: ='Los Angeles'!F12+Burbank!F12+'Long Beach'!F12+Ontario!F12+'Orange County'!F12+Oakland!F12+Sacramento!F12+'San Diego'!F12+'San Jose'!F12+'San Francisco'!F12 -> 16375685 | G12: ='Los Angeles'!G12+Burbank!G12+'Long Beach'!G12+Ontario!G12+'Orange County'!G12+Oakland!G12+Sacramento!G12+'San Diego'!G12+'San Jose'!G12+'San Francisco'!G12 -> 16498193 | H12: =F12/G12-1 -> -0.0074255405 | J12: ='Los Angeles'!J12+Ontario!J12+'Orange County'!J12+Oakland!J12+Sacramento!J12+'San Diego'!J12+'San Jose'!J12+'San Francisco'!J12 -> 4271299 | K12: ='Los Angeles'!K12+Ontario!K12+'Orange County'!K12+Oakland!K12+Sacramento!K12+'San Diego'!K12+'San Jose'!K12+'San Francisco'!K12 -> 4324014 | L12: =J12/K12-1 -> -0.012191219
A13: August | B13: =F13+J13 -> 19406379 | C13: 19902714 | D13: =B13/C13-1 -> -0.024938056 | F13: ='Los Angeles'!F13+Burbank!F13+'Long Beach'!F13+Ontario!F13+'Orange County'!F13+Oakland!F13+Sacramento!F13+'San Diego'!F13+'San Jose'!F13+'San Francisco'!F13 -> 15448385 | G13: ='Los Angeles'!G13+Burbank!G13+'Long Beach'!G13+Ontario!G13+'Orange County'!G13+Oakland!G13+Sacramento!G13+'San Diego'!G13+'San Jose'!G13+'San Francisco'!G13 -> 15891606 | H13: =F13/G13-1 -> -0.027890259 | J13: ='Los Angeles'!J13+Ontario!J13+'Orange County'!J13+Oakland!J13+Sacramento!J13+'San Diego'!J13+'San Jose'!J13+'San Francisco'!J13 -> 3957994 | K13: ='Los Angeles'!K13+Ontario!K13+'Orange County'!K13+Oakland!K13+Sacramento!K13+'San Diego'!K13+'San Jose'!K13+'San Francisco'!K13 -> 4011108 | L13: =J13/K13-1 -> -0.013241728
A14: September | B14: =F14+J14 -> 17474756 | C14: 18034193 | D14: =B14/C14-1 -> -0.031020906 | F14: ='Los Angeles'!F14+Burbank!F14+'Long Beach'!F14+Ontario!F14+'Orange County'!F14+Oakland!F14+Sacramento!F14+'San Diego'!F14+'San Jose'!F14+'San Francisco'!F14 -> 14084860 | G14: ='Los Angeles'!G14+Burbank!G14+'Long Beach'!G14+Ontario!G14+'Orange County'!G14+Oakland!G14+Sacramento!G14+'San Diego'!G14+'San Jose'!G14+'San Francisco'!G14 -> 14492760 | H14: =F14/G14-1 -> -0.028145088 | J14: ='Los Angeles'!J14+Ontario!J14+'Orange County'!J14+Oakland!J14+Sacramento!J14+'San Diego'!J14+'San Jose'!J14+'San Francisco'!J14 -> 3389896 | K14: ='Los Angeles'!K14+Ontario!K14+'Orange County'!K14+Oakland!K14+Sacramento!K14+'San Diego'!K14+'San Jose'!K14+'San Francisco'!K14 -> 3541433 | L14: =J14/K14-1 -> -0.042789741
A15: October | B15: =F15+J15 -> 18813147 | C15: 18969181 | D15: =B15/C15-1 -> -0.0082256582 | F15: ='Los Angeles'!F15+Burbank!F15+'Long Beach'!F15+Ontario!F15+'Orange County'!F15+Oakland!F15+Sacramento!F15+'San Diego'!F15+'San Jose'!F15+'San Francisco'!F15 -> 15259846 | G15: ='Los Angeles'!G15+Burbank!G15+'Long Beach'!G15+Ontario!G15+'Orange County'!G15+Oakland!G15+Sacramento!G15+'San Diego'!G15+'San Jose'!G15+'San Francisco'!G15 -> 15419141 | H15: =F15/G15-1 -> -0.010330991 | J15: ='Los Angeles'!J15+Ontario!J15+'Orange County'!J15+Oakland!J15+Sacramento!J15+'San Diego'!J15+'San Jose'!J15+'San Francisco'!J15 -> 3553301 | K15: ='Los Angeles'!K15+Ontario!K15+'Orange County'!K15+Oakland!K15+Sacramento!K15+'San Diego'!K15+'San Jose'!K15+'San Francisco'!K15 -> 3550040 | L15: =J15/K15-1 -> 0.0009185812
A16: November | B16: =F16+J16 -> 17015175 | C16: 17455654 | D16: =B16/C16-1 -> -0.025234173 | F16: ='Los Angeles'!F16+Burbank!F16+'Long Beach'!F16+Ontario!F16+'Orange County'!F16+Oakland!F16+Sacramento!F16+'San Diego'!F16+'San Jose'!F16+'San Francisco'!F16 -> 13737762 | G16: ='Los Angeles'!G16+Burbank!G16+'Long Beach'!G16+Ontario!G16+'Orange County'!G16+Oakland!G16+Sacramento!G16+'San Diego'!G16+'San Jose'!G16+'San Francisco'!G16 -> 14216508 | H16: =F16/G16-1 -> -0.033675358 | J16: ='Los Angeles'!J16+Ontario!J16+'Orange County'!J16+Oakland!J16+Sacramento!J16+'San Diego'!J16+'San Jose'!J16+'San Francisco'!J16 -> 3277413 | K16: ='Los Angeles'!K16+Ontario!K16+'Orange County'!K16+Oakland!K16+Sacramento!K16+'San Diego'!K16+'San Jose'!K16+'San Francisco'!K16 -> 3239146 | L16: =J16/K16-1 -> 0.011813916
A17: December | B17: =F17+J17 -> 18184377 | C17: =G17+K17 -> 18785264 | D17: =B17/C17-1 -> -0.031987147 | F17: ='Los Angeles'!F17+Burbank!F17+'Long Beach'!F17+Ontario!F17+'Orange County'!F17+Oakland!F17+Sacramento!F17+'San Diego'!F17+'San Jose'!F17+'San Francisco'!F17 -> 14480145 | G17: ='Los Angeles'!G17+Burbank!G17+'Long Beach'!G17+Ontario!G17+'Orange County'!G17+Oakland!G17+Sacramento!G17+'San Diego'!G17+'San Jose'!G17+'San Francisco'!G17 -> 15134485 | H17: =F17/G17-1 -> -0.043235036 | J17: ='Los Angeles'!J17+Ontario!J17+'Orange County'!J17+Oakland!J17+Sacramento!J17+'San Diego'!J17+'San Jose'!J17+'San Francisco'!J17 -> 3704232 | K17: ='Los Angeles'!K17+Ontario!K17+'Orange County'!K17+Oakland!K17+Sacramento!K17+'San Diego'!K17+'San Jose'!K17+'San Francisco'!K17 -> 3650779 | L17: =J17/K17-1 -> 0.014641533
A18: YTD * | B18: =SUM(B6:B17) -> 215669677 | C18: =SUM(C6:C17) -> 219101082 | D18: =B18/C18-1 -> -0.015661287 | F18: =SUM(F6:F17) -> 172453246 | G18: =SUM(G6:G17) -> 175010664 | H18: =F18/G18-1 -> -0.014612927 | J18: =SUM(J6:J17) -> 43216431 | K18: =SUM(K6:K17) -> 43157067 | L18: =J18/K18-1 -> 0.0013755337
A20: Sources: Individual airports
A21: Note: Monthly figures may not sum to YTD totals due to data revisions

Sheet Los Angeles
A1: Los Angeles - LAX
B3: Total | F3: Domestic | J3: International
B4: 2025 | C4: 2024 | D4: YOY % change | F4: 2025 | G4: 2024 | H4: YOY % change | J4: 2025 | K4: 2024 | L4: YOY % change
A6: January | B6: 5503062 | C6: 5671187 | D6: =B6/C6-1 -> -0.029645469 | F6: 3584089 | G6: 3784452 | H6: =F6/G6-1 -> -0.052943729 | J6: 1918973 | K6: 1886735 | L6: =J6/K6-1 -> 0.01708666
A7: February | B7: 4910372 | C7: 5282757 | D7: =B7/C7-1 -> -0.070490655 | F7: 3329110 | G7: 3643579 | H7: =F7/G7-1 -> -0.086307721 | J7: 1581262 | K7: 1639178 | L7: =J7/K7-1 -> -0.035332343
A8: March | B8: =F8+J8 -> 6017600 | C8: 6266194 | D8: =B8/C8-1 -> -0.039672248 | F8: 4122303 | G8: 4306223 | H8: =F8/G8-1 -> -0.042710282 | J8: 1895297 | K8: 1959971 | L8: =J8/K8-1 -> -0.032997427
A9: April | B9: =F9+J9 -> 6062213 | C9: 6156717 | D9: =B9/C9-1 -> -0.015349739 | F9: 4093498 | G9: 4248507 | H9: =F9/G9-1 -> -0.036485523 | J9: 1968715 | K9: 1908210 | L9: =J9/K9-1 -> 0.031707726
A10: May | B10: =F10+J10 -> 6447305 | C10: 6734607 | D10: =B10/C10-1 -> -0.042660544 | F10: 4443330 | G10: 4681543 | H10: =F10/G10-1 -> -0.050883437 | J10: 2003975 | K10: 2053064 | L10: =J10/K10-1 -> -0.023910117
A11: June | B11: 6838239 | C11: 6998112 | D11: =B11/C11-1 -> -0.022845162 | F11: 4678753 | G11: 4792942 | H11: =F11/G11-1 -> -0.023824407 | J11: 2159486 | K11: 2205170 | L11: =J11/K11-1 -> -0.02071677
A12: July | B12: 6838239 | C12: 7315609 | D12: =B12/C12-1 -> -0.065253624 | F12: 4857993 | G12: 4952443 | H12: =F12/G12-1 -> -0.019071396 | J12: 2319944 | K12: 2363166 | L12: =J12/K12-1 -> -0.01828987
A13: August | B13: 6691917 | C13: 6983137 | D13: =B13/C13-1 -> -0.04170332 | F13: 4517782 | G13: 4766460 | H13: =F13/G13-1 -> -0.052172472 | J13: 2174135 | K13: 2216677 | L13: =J13/K13-1 -> -0.01919179
A14: September | B14: 5809235 | C14: 6208013 | D14: =B14/C14-1 -> -0.064236012 | F14: 3942661 | G14: 4240017 | H14: =F14/G14-1 -> -0.070130851 | J14: 1866574 | K14: 1967996 | L14: =J14/K14-1 -> -0.051535674
A15: October | B15: 6240234 | C15: 6461323 | D15: =B15/C15-1 -> -0.034217296 | F15: 4316898 | G15: 4529106 | H15: =F15/G15-1 -> -0.04685428 | J15: 1923336 | K15: 1932217 | L15: =J15/K15-1 -> -0.0045962746
A16: November | B16: 5705628 | C16: 5931051 | D16: =B16/C16-1 -> -0.03800726 | F16: 3925165 | G16: 4131760 | H16: =F16/G16-1 -> -0.050001694 | J16: 1780463 | K16: 1799291 | L16: =J16/K16-1 -> -0.010464122
A17: December | B17: 6312331 | C17: 6542761 | D17: =B17/C17-1 -> -0.035219076 | F17: 4287654 | G17: 4522386 | H17: =F17/G17-1 -> -0.051904459 | J17: 2024677 | K17: 2020375 | L17: =J17/K17-1 -> 0.0021293077
A18: YTD | B18: =SUM(B6:B17) -> 73376375 | C18: =SUM(C6:C17) -> 76551468 | D18: =B18/C18-1 -> -0.041476579 | F18: =SUM(F6:F17) -> 50099236 | G18: =SUM(G6:G17) -> 52599418 | H18: =F18/G18-1 -> -0.047532503 | J18: =SUM(J6:J17) -> 23616837 | K18: =SUM(K6:K17) -> 23952050 | L18: =J18/K18-1 -> -0.01399517
A20: Source: LAWA
A21: Note: Monthly figures may not sum to YTD totals due to data revisions

Sheet Burbank
A1: Burbank- Bob Hope
B3: Total | F3: Domestic | J3: International
B4: 2025 | C4: 2024 | D4: YOY % change | F4: 2025 | G4: 2024 | H4: YOY % change | J4: 2025 | K4: 2024 | L4: YOY % change
A6: January | B6: 409153 | C6: 437121 | D6: =B6/C6-1 -> -0.063982284 | F6: 409153 | G6: 437121 | H6: =F6/G6-1 -> -0.063982284
A7: February | B7: 425370 | C7: 417214 | D7: =B7/C7-1 -> 0.019548721 | F7: 425370 | G7: 417214 | H7: =F7/G7-1 -> 0.019548721
A8: March | B8: 531078 | C8: 505214 | D8: =B8/C8-1 -> 0.051194147 | F8: 531078 | G8: 505214 | H8: =F8/G8-1 -> 0.051194147
A9: April | B9: 539544 | C9: 508043 | D9: =B9/C9-1 -> 0.062004594 | F9: 539544 | G9: 508043 | H9: =F9/G9-1 -> 0.062004594
A10: May | B10: 577338 | C10: 536948 | D10: =B10/C10-1 -> 0.075221437 | F10: 577338 | G10: 536948 | H10: =F10/G10-1 -> 0.075221437
A11: June | B11: 557427 | C11: 610832 | D11: =B11/C11-1 -> -0.087429932 | F11: 557427 | G11: 610832 | H11: =F11/G11-1 -> -0.087429932
A12: July | B12: 548964 | C12: 638833 | D12: =B12/C12-1 -> -0.14067683 | F12: 548964 | G12: 638833 | H12: =F12/G12-1 -> -0.14067683
A13: August | B13: 558913 | C13: 582654 | D13: =B13/C13-1 -> -0.040746309 | F13: 558913 | G13: 582654 | H13: =F13/G13-1 -> -0.040746309
A14: September | B14: 523677 | C14: 543678 | D14: =B14/C14-1 -> -0.03678832 | F14: 523677 | G14: 543678 | H14: =F14/G14-1 -> -0.03678832
A15: October | B15: 549824 | C15: 600617 | D15: =B15/C15-1 -> -0.084568036 | F15: 549824 | G15: 600617 | H15: =F15/G15-1 -> -0.084568036
A16: November | B16: 492588 | C16: 566300 | D16: =B16/C16-1 -> -0.13016422 | F16: 492588 | G16: 566300 | H16: =F16/G16-1 -> -0.13016422
A17: December | B17: 505603 | C17: 602827 | D17: =B17/C17-1 -> -0.1612801 | F17: 505603 | G17: 602827 | H17: =F17/G17-1 -> -0.1612801
A18: YTD | B18: =SUM(B6:B17) -> 6219479 | C18: =SUM(C6:C17) -> 6550281 | D18: =B18/C18-1 -> -0.050501956 | F18: =SUM(F6:F17) -> 6219479 | G18: =SUM(G6:G17) -> 6550281 | H18: =F18/G18-1 -> -0.050501956
A20: Source: Bob Hope Airport
A21: Note: Monthly figures may not sum to YTD totals due to data revisions

Sheet Long Beach
A1: Long Beach -LGB
B3: Total | F3: Domestic | J3: International
B4: 2025 | C4: 2024 | D4: YOY % change | F4: 2025 | G4: 2024 | H4: YOY % change | J4: 2025 | K4: 2024 | L4: YOY % change
A6: January | B6: 269452 | C6: 294014 | D6: =B6/C6-1 -> -0.08354024 | F6: 269452 | G6: 294014 | H6: =F6/G6-1 -> -0.08354024
A7: February | B7: 263160 | C7: 305778 | D7: =B7/C7-1 -> -0.13937563 | F7: 263160 | G7: 305778 | H7: =F7/G7-1 -> -0.13937563
A8: March | B8: 332783 | C8: 296663 | D8: =B8/C8-1 -> 0.12175431 | F8: 332783 | G8: 296663 | H8: =F8/G8-1 -> 0.12175431
A9: April | B9: 317072 | C9: 349693 | D9: =B9/C9-1 -> -0.093284681 | F9: 317072 | G9: 349693 | H9: =F9/G9-1 -> -0.093284681
A10: May | B10: 331577 | C10: 380390 | D10: =B10/C10-1 -> -0.12832356 | F10: 331577 | G10: 380390 | H10: =F10/G10-1 -> -0.12832356
A11: June | B11: 338846 | C11: 378610 | D11: =B11/C11-1 -> -0.10502628 | F11: 338846 | G11: 378610 | H11: =F11/G11-1 -> -0.10502628
A12: July | B12: 340085 | C12: 380986 | D12: =B12/C12-1 -> -0.10735565 | F12: 340085 | G12: 380986 | H12: =F12/G12-1 -> -0.10735565
A13: August | B13: 318109 | C13: 345398 | D13: =B13/C13-1 -> -0.079007406 | F13: 318109 | G13: 345398 | H13: =F13/G13-1 -> -0.079007406
A14: September | B14: 314742 | C14: 323402 | D14: =B14/C14-1 -> -0.026777818 | F14: 314742 | G14: 323402 | H14: =F14/G14-1 -> -0.026777818
A15: October | B15: 340474 | C15: 344640 | D15: =B15/C15-1 -> -0.012087976 | F15: 340474 | G15: 340474 | H15: =F15/G15-1 -> 0
A16: November | B16: 314422 | C16: 335035 | D16: =B16/C16-1 -> -0.061524915 | F16: 314422 | G16: 335035 | H16: =F16/G16-1 -> -0.061524915
A17: December | B17: 333092 | C17: 352520 | D17: =B17/C17-1 -> -0.055111767 | F17: 333092 | G17: 352520 | H17: =F17/G17-1 -> -0.055111767
A18: YTD | B18: =SUM(B6:B17) -> 3813814 | C18: =SUM(C6:C17) -> 4087129 | D18: =B18/C18-1 -> -0.066872125 | F18: =SUM(F6:F17) -> 3813814 | G18: =SUM(G6:G17) -> 4082963 | H18: =F18/G18-1 -> -0.065920019
A20: Source: Long Beach Airport
A21: Note: Monthly figures may not sum to YTD totals due to data revisions

Sheet Oakland
A1: Oakland- OAK
B3: Total | F3: Domestic | J3: International
B4: 2025 | C4: 2024 | D4: YOY % change | F4: 2025 | G4: 2024 | H4: YOY % change | J4: 2025 | K4: 2024 | L4: YOY % change
A6: January | B6: 680732 | C6: 839381 | D6: =B6/C6-1 -> -0.18900714 | F6: 607727 | G6: =C6-K6 -> 785482 | H6: =F6/G6-1 -> -0.22630054 | J6: 73005 | K6: =29764+24135 -> 53899 | L6: =J6/K6-1 -> 0.35447782
A7: February | B7: =F7+J7 -> 668485 | C7: 804471 | D7: =B7/C7-1 -> -0.16903779 | F7: =303280+300870 -> 604150 | G7: =384116+377288 -> 761404 | H7: =F7/G7-1 -> -0.20653162 | J7: =33473+30862 -> 64335 | K7: =23761+19306 -> 43067 | L7: =J7/K7-1 -> 0.49383519
A8: March | B8: =F8+J8 -> 784564 | C8: 904268 | D8: =B8/C8-1 -> -0.13237668 | F8: =362130+360287 -> 722417 | G8: =435710+424279 -> 859989 | H8: =F8/G8-1 -> -0.15996949 | J8: 62147 | K8: =20618+23661 -> 44279 | L8: =J8/K8-1 -> 0.40353215
A9: April | B9: =F9+J9 -> 790765 | C9: 914330 | D9: =B9/C9-1 -> -0.13514267 | F9: =361686+364343 -> 726029 | G9: =428097+440803 -> 868900 | H9: =F9/G9-1 -> -0.16442744 | J9: =30035+34701 -> 64736 | K9: =20367+25063 -> 45430 | L9: =J9/K9-1 -> 0.42496148
A10: May | B10: =F10+J10 -> 833705 | C10: 977503 | D10: =B10/C10-1 -> -0.14710748 | F10: =387577+388424 -> 776001 | G10: =464386+465812 -> 930198 | H10: =F10/G10-1 -> -0.16576793 | J10: =26964+30740 -> 57704 | K10: =22677+24628 -> 47305 | L10: =J10/K10-1 -> 0.21982877
A11: June | B11: =F11+J11 -> 810585 | C11: 1016321 | D11: =B11/C11-1 -> -0.20243211 | F11: =378904+369326 -> 748230 | G11: =492094+474057 -> 966151 | H11: =F11/G11-1 -> -0.22555584 | J11: =34057+28298 -> 62355 | K11: =27922+22248 -> 50170 | L11: =J11/K11-1 -> 0.24287423
A12: July | B12: 823115 | C12: 1038224 | D12: =B12/C12-1 -> -0.20718939 | F12: 755759 | G12: 967804 | H12: =F12/G12-1 -> -0.21909912 | J12: 67356 | K12: 70420 | L12: =J12/K12-1 -> -0.043510366
A13: August | B13: 810584 | C13: 934104 | D13: =B13/C13-1 -> -0.13223367 | F13: =B13-J13 -> 746568 | G13: 883583 | H13: =F13/G13-1 -> -0.15506749 | J13: =28699+35317 -> 64016 | K13: 50521 | L13: =J13/K13-1 -> 0.26711664
A14: September | B14: =F14+J14 -> 751935 | C14: 853771 | D14: =B14/C14-1 -> -0.11927789 | F14: =343053+348248 -> 691301 | G14: 803461 | H14: =F14/G14-1 -> -0.13959607 | J14: =28463+32171 -> 60634 | K14: 50310 | L14: =J14/K14-1 -> 0.20520771
A15: October | B15: =768402 -> 768402 | C15: 862463 | D15: =B15/C15-1 -> -0.10906091 | F15: =352354+353087 -> 705441 | G15: 809483 | H15: =F15/G15-1 -> -0.12852895 | J15: =32883+30078 -> 62961 | K15: 62034 | L15: =J15/K15-1 -> 0.014943418
A16: November | B16: 704344 | C16: 799262 | D16: =B16/C16-1 -> -0.11875705 | F16: 634707 | G16: 743512 | H16: =F16/G16-1 -> -0.14633927 | J16: 69637 | K16: 55750 | L16: =J16/K16-1 -> 0.24909417
A17: December | B17: 740588 | C17: =G17+K17 -> 867787 | D17: =B17/C17-1 -> -0.1465786 | F17: 657649 | G17: =396402+389076 -> 785478 | H17: =F17/G17-1 -> -0.1627404 | J17: 82939 | K17: =51071+31238 -> 82309 | L17: =J17/K17-1 -> 0.007654084
A18: YTD | B18: =SUM(B6:B17) -> 9167804 | C18: =SUM(C6:C17) -> 10811885 | D18: =B18/C18-1 -> -0.15206238 | F18: =SUM(F6:F17) -> 8375979 | G18: =SUM(G6:G17) -> 10165445 | H18: =F18/G18-1 -> -0.1760342 | J18: =SUM(J6:J17) -> 791825 | K18: =SUM(K6:K17) -> 655494 | L18: =J18/K18-1 -> 0.20798207
A20: Source: Oakland International Airport
A21: Note: Monthly figures may not sum to YTD totals due to data revisions
A23: The domestic/international breakdown is unavailable on the OAK website for certain months.

Sheet Ontario
A1: Ontario-ONT
B3: Total | F3: Domestic | J3: International
B4: 2025 | C4: 2024 | D4: YOY % change | F4: 2025 | G4: 2024 | H4: YOY % change | J4: 2025 | K4: 2024 | L4: YOY % change
A6: January | B6: 475239 | C6: 469589 | D6: =B6/C6-1 -> 0.012031798 | F6: 438999 | G6: 433030 | H6: =F6/G6-1 -> 0.013784264 | J6: 36240 | K6: 36559 | L6: =J6/K6-1 -> -0.0087256216
A7: February | B7: 450093 | C7: 449893 | D7: =B7/C7-1 -> 0.00044455015 | F7: =B7-J7 -> 417881 | G7: 417938 | H7: =F7/G7-1 -> -0.00013638387 | J7: =16148+16064 -> 32212 | K7: 31955 | L7: =J7/K7-1 -> 0.0080425598
A8: March | B8: 559619 | C8: 557000 | D8: =B8/C8-1 -> 0.0047019749 | F8: 524594 | G8: 521925 | H8: =F8/G8-1 -> 0.0051137616 | J8: 35025 | K8: 35075 | L8: =J8/K8-1 -> -0.0014255167
A9: April | B9: 575623 | C9: 573467 | D9: =B9/C9-1 -> 0.0037595886 | F9: =B9-J9 -> 542542 | G9: 543237 | H9: =F9/G9-1 -> -0.0012793679 | J9: =15546+17535 -> 33081 | K9: 30230 | L9: =J9/K9-1 -> 0.094310288
A10: May | B10: 630137 | C10: 618661 | D10: =B10/C10-1 -> 0.018549739 | F10: =B10-J10 -> 595141 | G10: 587357 | H10: =F10/G10-1 -> 0.013252587 | J10: =16967+18029 -> 34996 | K10: 31304 | L10: =J10/K10-1 -> 0.1179402
A11: June | B11: 659787 | C11: 652729 | D11: =B11/C11-1 -> 0.010813063 | F11: 625139 | G11: 621502 | H11: =F11/G11-1 -> 0.0058519522 | J11: 34648 | K11: 31227 | L11: =J11/K11-1 -> 0.10955263
A12: July | B12: 681912 | C12: 666322 | D12: =B12/C12-1 -> 0.023397096 | F12: 638693 | G12: 635550 | H12: =F12/G12-1 -> 0.0049453229 | J12: 43219 | K12: 30772 | L12: =J12/K12-1 -> 0.4044911
A13: August | B13: 646820 | C13: 643472 | D13: =B13/C13-1 -> 0.0052030236 | F13: =B13-J13 -> 605930 | G13: 617052 | H13: =F13/G13-1 -> -0.018024413 | J13: =26649+14241 -> 40890 | K13: 26420 | L13: =J13/K13-1 -> 0.54769114
A14: September | B14: 599086 | C14: 606015 | D14: =B14/C14-1 -> -0.01143371 | F14: =B14-J14 -> 564478 | G14: 579197 | H14: =F14/G14-1 -> -0.02541277 | J14: =10326+24282 -> 34608 | K14: 26818 | L14: =J14/K14-1 -> 0.29047655
A15: October | B15: 639598 | C15: 642853 | D15: =B15/C15-1 -> -0.005063366 | F15: =B15-J15 -> 597391 | G15: 613813 | H15: =J15/G15-1 -> -0.93123802 | J15: =14340+27867 -> 42207 | K15: 29040 | L15: =J15/K15-1 -> 0.45340909
A16: November | B16: 593799 | C16: 600909 | D16: =B16/C16-1 -> -0.011832074 | F16: 547959 | G16: 572328 | H16: =J16/G16-1 -> -0.91990607 | J16: 45840 | K16: 28581 | L16: =J16/K16-1 -> 0.60386271
A17: December | B17: 604995 | C17: 603886 | D17: =B17/C17-1 -> 0.0018364393 | F17: 555219 | G17: 570102 | H17: =F17/G17-1 -> -0.026105855 | J17: 49776 | K17: 33784 | L17: =J17/K17-1 -> 0.47336017
A18: YTD | B18: =SUM(B6:B17) -> 7116708 | C18: =SUM(C6:C17) -> 7084796 | D18: =B18/C18-1 -> 0.0045042934 | F18: =SUM(F6:F17) -> 6653966 | G18: =SUM(G6:G17) -> 6713031 | H18: =F18/G18-1 -> -0.0087985591 | J18: =SUM(J6:J17) -> 462742 | K18: =SUM(K6:K17) -> 371765 | L18: =J18/K18-1 -> 0.24471642
A20: Source: Ontario International Airport
A21: Note: Monthly figures may not sum to YTD totals due to data revisions.

Sheet Orange County
A1: Orange County Santa Ana/John Wayne- SNA
B3: Total | F3: Domestic | J3: International
B4: 2025 | C4: 2024 | D4: YOY % change | F4: 2025 | G4: 2024 | H4: YOY % change | J4: 2025 | K4: 2024 | L4: YOY % change
A6: January | B6: 813483 | C6: 884884 | D6: =B6/C6-1 -> -0.080689672 | F6: 790112 | G6: 858826 | H6: =F6/G6-1 -> -0.080009222 | J6: 23371 | K6: 26058 | L6: =J6/K6-1 -> -0.10311613
A7: February | B7: 783496 | C7: 856665 | D7: =B7/C7-1 -> -0.08541145 | F7: =B7-J7 -> 760067 | G7: 828835 | H7: =F7/G7-1 -> -0.082969469 | J7: 23429 | K7: 27830 | L7: =J7/K7-1 -> -0.1581387
A8: March | B8: 928717 | C8: 964073 | D8: =B8/C8-1 -> -0.036673571 | F8: 900610 | G8: 932946 | H8: =F8/G8-1 -> -0.034660098 | J8: 28107 | K8: 31127 | L8: =J8/K8-1 -> -0.097021878
A9: April | B9: 910435 | C9: 916552 | D9: =B9/C9-1 -> -0.0066739258 | F9: =B9-J9 -> 883150 | G9: 886979 | H9: =F9/G9-1 -> -0.0043169004 | J9: 27285 | K9: 29573 | L9: =J9/K9-1 -> -0.077367869
A10: May | B10: 980663 | C10: 950740 | D10: =B10/C10-1 -> 0.031473379 | F10: =B10-J10 -> 956111 | G10: 920356 | H10: =F10/G10-1 -> 0.038849098 | J10: 24552 | K10: 30384 | L10: =J10/K10-1 -> -0.19194313
A11: June | B11: 1022397 | C11: 963531 | D11: =B11/C11-1 -> 0.061094038 | F11: =B11-J11 -> 996918 | G11: 931858 | H11: =F11/G11-1 -> 0.069817504 | J11: 25479 | K11: 31673 | L11: =J11/K11-1 -> -0.19556089
A12: July | B12: 1052623 | C12: 970828 | D12: =B12/C12-1 -> 0.084252823 | F12: =B12-J12 -> 1024907 | G12: 937206 | H12: =F12/G12-1 -> 0.093577079 | J12: 27716 | K12: 33622 | L12: =J12/K12-1 -> -0.17565879
A13: August | B13: 1034529 | C13: 947733 | D13: =B13/C13-1 -> 0.091582756 | F13: =B13-J13 -> 1009899 | G13: 917099 | H13: =F13/G13-1 -> 0.10118864 | J13: 24630 | K13: 30634 | L13: =J13/K13-1 -> -0.19599138
A14: September | B14: 961137 | C14: 879703 | D14: =B14/C14-1 -> 0.092569879 | F14: =B14-J14 -> 938488 | G14: 852643 | H14: =F14/G14-1 -> 0.10068106 | J14: 22649 | K14: 27060 | L14: =J14/K14-1 -> -0.16300813
A15: October | B15: 1007895 | C15: 930049 | D15: =B15/C15-1 -> 0.083700966 | F15: =B15-J15 -> 985191 | G15: 901419 | H15: =F15/G15-1 -> 0.092933475 | J15: 22704 | K15: 28630 | L15: =J15/K15-1 -> -0.20698568
A16: November | B16: 910916 | C16: 882996 | D16: =B16/C16-1 -> 0.031619622 | F16: 887889 | G16: 853540 | H16: =F16/G16-1 -> 0.040242988 | J16: 23027 | K16: 29456 | L16: =J16/K16-1 -> -0.21825774
A17: December | B17: 961634 | C17: 941651 | D17: =B17/C17-1 -> 0.021221238 | F17: 937229 | G17: 911610 | H17: =F17/G17-1 -> 0.028103027 | J17: 24405 | K17: 30041 | L17: =J17/K17-1 -> -0.18761027
A18: YTD | B18: =SUM(B6:B17) -> 11367925 | C18: =SUM(C6:C17) -> 11089405 | D18: =B18/C18-1 -> 0.025115865 | F18: =SUM(F6:F17) -> 11070571 | G18: =SUM(G6:G17) -> 10733317 | H18: =F18/G18-1 -> 0.031421228 | J18: =SUM(J6:J17) -> 297354 | K18: =SUM(K6:K17) -> 356088 | L18: =J18/K18-1 -> -0.16494237
A20: Source: John Wayne Airport
A21: Note: Monthly figures may not sum to YTD totals due to data revisions

Sheet Sacramento
A1: Sacramento-SMF
B3: Total | F3: Domestic | J3: International
B4: 2025 | C4: 2024 | D4: YOY % change | F4: 2025 | G4: 2024 | H4: YOY % change | J4: 2025 | K4: 2024 | L4: YOY % change
A6: January | B6: 939365 | C6: 934435 | D6: =B6/C6-1 -> 0.0052759154 | F6: 892319 | G6: 893660 | H6: =F6/G6-1 -> -0.0015005707 | J6: 47046 | K6: 40775 | L6: =J6/K6-1 -> 0.15379522
A7: February | B7: =F7+J7 -> 922357 | C7: 905134 | D7: =B7/C7-1 -> 0.019028122 | F7: =394131+42809+276+392400+51550+276 -> 881442 | G7: 870814 | H7: =F7/G7-1 -> 0.012204673 | J7: =21946+18969 -> 40915 | K7: 34320 | L7: =J7/K7-1 -> 0.192162
A8: March | B8: 1128857 | C8: 1088148 | D8: =B8/C8-1 -> 0.037411271 | F8: 1083556 | G8: 1052635 | H8: =F8/G8-1 -> 0.029374855 | J8: 45301 | K8: 35513 | L8: =J8/K8-1 -> 0.27561738
A9: April | B9: =F9+J9 -> 1157886 | C9: 1111287 | D9: =B9/C9-1 -> 0.041932462 | F9: =506311+53693+372+502376+53723+372 -> 1116847 | G9: 1084789 | H9: =F9/G9-1 -> 0.029552291 | J9: =19378+21661 -> 41039 | K9: 26498 | L9: =J9/K9-1 -> 0.5487584
A10: May | B10: =F10+J10 -> 1238628 | C10: 1192493 | D10: =B10/C10-1 -> 0.038687858 | F10: =544750+52990+202+549617+52820+202 -> 1200581 | G10: 1163613 | H10: =F10/G10-1 -> 0.031770013 | J10: =18745+19302 -> 38047 | K10: 28880 | L10: =J10/K10-1 -> 0.3174169
A11: June | B11: 1297721 | C11: 1262523 | D11: =B11/C11-1 -> 0.027879096 | F11: 1254723 | G11: 1222954 | H11: =F11/G11-1 -> 0.025977265 | J11: 42998 | K11: 39569 | L11: =J11/K11-1 -> 0.086658748
A12: July | B12: 1328712 | C12: 1286472 | D12: =B12/C12-1 -> 0.032833983 | F12: 1274522 | G12: 1238009 | H12: =F12/G12-1 -> 0.029493324 | J12: 54190 | K12: 48463 | L12: =J12/K12-1 -> 0.11817263
A13: August | B13: 1242472 | C13: 1218689 | D13: =B13/C13-1 -> 0.019515233 | F13: 1201158 | G13: 1179505 | H13: =F13/G13-1 -> 0.018357701 | J13: 41314 | K13: 39184 | L13: =J13/K13-1 -> 0.054358922
A14: September | B14: =F14+J14 -> 1169982 | C14: 1152438 | D14: =B14/C14-1 -> 0.015223379 | F14: =135+49114+518161+519615+48582+140 -> 1135747 | G14: 1124556 | H14: =F14/G14-1 -> 0.0099514831 | J14: =17061+17174 -> 34235 | K14: 27882 | L14: =J14/K14-1 -> 0.2278531
A15: October | B15: =F15+J15 -> 1246844 | C15: 1217088 | D15: =B15/C15-1 -> 0.02444852 | F15: =548318+56515+743+544962+57092+602 -> 1208232 | G15: 1186758 | H15: =F15/G15-1 -> 0.018094675 | J15: =18634+19978 -> 38612 | K15: 30330 | L15: =J15/K15-1 -> 0.27306297
A16: November | B16: 1100961 | C16: 1116172 | D16: =B16/C16-1 -> -0.013627828 | F16: 1062995 | G16: 1082933 | H16: =F16/G16-1 -> -0.018411111 | J16: 37966 | K16: 33239 | L16: =J16/K16-1 -> 0.14221246
A17: December | B17: 1138933 | C17: 1148525 | D17: =B17/C17-1 -> -0.0083515814 | F17: 1090143 | G17: 1107749 | H17: =F17/G17-1 -> -0.015893492 | J17: 48790 | K17: 40776 | L17: =J17/K17-1 -> 0.19653718
A18: YTD | B18: =SUM(B6:B17) -> 13912718 | C18: =SUM(C6:C17) -> 13633404 | D18: =B18/C18-1 -> 0.020487473 | F18: =SUM(F6:F17) -> 13402265 | G18: =SUM(G6:G17) -> 13207975 | H18: =F18/G18-1 -> 0.014710052 | J18: =SUM(J6:J17) -> 510453 | K18: =SUM(K6:K17) -> 425429 | L18: =J18/K18-1 -> 0.19985473
A20: Source: Sacramento International Airport
A21: Note: Monthly figures may not sum to YTD totals due to data revisions

Sheet San Diego
A1: San Diego-SAN
B3: Total | F3: Domestic | J3: International
B4: 2025 | C4: 2024 | D4: YOY % change | F4: 2025 | G4: 2024 | H4: YOY % change | J4: 2025 | K4: 2024 | L4: YOY % change
A6: January | B6: 1788014 | C6: 1705583 | D6: =B6/C6-1 -> 0.048330102 | F6: 1719801 | G6: 1638681 | H6: =F6/G6-1 -> 0.049503229 | J6: 68213 | K6: 66902 | L6: =J6/K6-1 -> 0.019595827
A7: February | B7: =F7+J7 -> 1631661 | C7: 1696831 | D7: =B7/C7-1 -> -0.038406889 | F7: 1574813 | G7: 1636516 | H7: =F7/G7-1 -> -0.037703878 | J7: 56848 | K7: 60315 | L7: =J7/K7-1 -> -0.057481555
A8: March | B8: 1999137 | C8: 2030654 | D8: =B8/C8-1 -> -0.015520616 | F8: 1925014 | G8: 1955110 | H8: =F8/G8-1 -> -0.015393507 | J8: 74123 | K8: 75544 | L8: =J8/K8-1 -> -0.01881023
A9: April | B9: 2038799 | C9: =G9+K9 -> 2064293 | D9: =B9/C9-1 -> -0.012349991 | F9: 1952381 | G9: 1982130 | H9: =F9/G9-1 -> -0.015008602 | J9: 86418 | K9: 82163 | L9: =J9/K9-1 -> 0.051787301
A10: May | B10: 2169067 | C10: 2180815 | D10: =B10/C10-1 -> -0.0053869769 | F10: 2065836 | G10: 2093921 | H10: =F10/G10-1 -> -0.013412636 | J10: 103231 | K10: 86894 | L10: =J10/K10-1 -> 0.18801068
A11: June | B11: 2319522 | C11: 2334084 | D11: =B11/C11-1 -> -0.00623885 | F11: 2204233 | G11: 2233355 | H11: =F11/G11-1 -> -0.013039575 | J11: 115289 | K11: 100729 | L11: =J11/K11-1 -> 0.14454626
A12: July | B12: 2428862 | C12: 2449528 | D12: -0.008 | F12: 2307229 | G12: 2334210 | H12: =F12/G12-1 -> -0.011558943 | J12: 121633 | K12: 115318 | L12: =J12/K12-1 -> 0.054761616
A13: August | B13: 2315596 | C13: 2329113 | D13: =B13/C13-1 -> -0.0058034969 | F13: 2207495 | G13: 2228992 | H13: =F13/G13-1 -> -0.0096442697 | J13: 108101 | K13: 100121 | L13: =J13/K13-1 -> 0.079703559
A14: September | B14: =F14+J14 -> 2055757 | C14: 2085034 | D14: =B14/C14-1 -> -0.014041498 | F14: 1966273 | G14: 2003750 | H14: =F14/G14-1 -> -0.018703431 | J14: 89484 | K14: 81284 | L14: =J14/K14-1 -> 0.10088086
A15: October | B15: 2313717 | C15: 2197193 | D15: =B15/C15-1 -> 0.05303312 | F15: 2216954 | G15: 2115189 | H15: =F15/G15-1 -> 0.04811154 | J15: 96763 | K15: 82004 | L15: =J15/K15-1 -> 0.17997903
A16: November | B16: 2070939 | C16: 2048882 | D16: =B16/C16-1 -> 0.010765383 | F16: 1992993 | G16: 1975261 | H16: =F16/G16-1 -> 0.0089770415 | J16: 77946 | K16: 73621 | L16: =J16/K16-1 -> 0.058746825
A17: December | B17: 2189485 | C17: 2119909 | D17: =B17/C17-1 -> 0.032820277 | F17: 2106582 | G17: 2042945 | H17: =F17/G17-1 -> 0.031149639 | J17: 82903 | K17: 76964 | L17: =J17/K17-1 -> 0.077165948
A18: YTD | B18: =SUM(B6:B17) -> 25320556 | C18: =SUM(C6:C17) -> 25241919 | D18: =B18/C18-1 -> 0.0031153337 | F18: =SUM(F6:F17) -> 24239604 | G18: =SUM(G6:G17) -> 24240060 | H18: =F18/G18-1 -> -1.8811835e-05 | J18: =SUM(J6:J17) -> 1080952 | K18: =SUM(K6:K17) -> 1001859 | L18: =J18/K18-1 -> 0.078946239
A20: Source: San Diego International Airport
A21: Note: Monthly figures may not sum to YTD totals due to data revisions

Sheet San Francisco
A1: San Francisco- SFO
B3: Total | F3: Domestic | J3: International
B4: 2025 | C4: 2024 | D4: YOY % change | F4: 2025 | G4: 2024 | H4: YOY % change | J4: 2025 | K4: 2024 | L4: YOY % change
A6: January | B6: 4019311 | C6: 3608952 | D6: =B6/C6-1 -> 0.11370586 | F6: 2754427 | G6: 2467879 | H6: =F6/G6-1 -> 0.11611104 | J6: 1264884 | K6: 1141073 | L6: =J6/K6-1 -> 0.10850401
A7: February | B7: =F7+J7 -> 3540622 | C7: 3414049 | D7: =B7/C7-1 -> 0.03707416 | F7: 2510886 | G7: 2406607 | H7: =F7/G7-1 -> 0.043330299 | J7: 1029736 | K7: 1007442 | L7: =J7/K7-1 -> 0.022129314
A8: March | B8: 4271953 | C8: 4128144 | D8: =B8/C8-1 -> 0.034836236 | F8: 3035856 | G8: 2892774 | H8: =F8/G8-1 -> 0.049461866 | J8: 1236097 | K8: 1235370 | L8: =J8/K8-1 -> 0.00058848766
A9: April | B9: =F9+J9 -> 4451095 | C9: 4131837 | D9: =B9/C9-1 -> 0.077267811 | F9: 3159647 | G9: 2894330 | H9: =F9/G9-1 -> 0.091667847 | J9: 1291448 | K9: 1237507 | L9: =J9/K9-1 -> 0.04358844
A10: May | B10: =F10+J10 -> 4855129 | C10: 4498408 | D10: =B10/C10-1 -> 0.079299388 | F10: 3469378 | G10: 3125864 | H10: =F10/G10-1 -> 0.1098941 | J10: 1385751 | K10: 1372544 | L10: =J10/K10-1 -> 0.009622278
A11: June | B11: 5113636 | C11: 4647504 | D11: =B11/C11-1 -> 0.10029728 | F11: 3568803 | G11: 3122403 | H11: =F11/G11-1 -> 0.14296681 | J11: 1544833 | K11: 1525101 | L11: =J11/K11-1 -> 0.01293816
A12: July | B12: 5257003 | C12: 4980094 | D12: =B12/C12-1 -> 0.055603167 | F12: 3679603 | G12: 3378733 | H12: =F12/G12-1 -> 0.089048173 | J12: 1577400 | K12: 1601361 | L12: =J12/K12-1 -> -0.014962897
A13: August | B13: =F13+J13 -> 4813444 | C13: 4851557 | D13: =B13/C13-1 -> -0.0078558286 | F13: 3354441 | G13: 3354366 | H13: =F13/G13-1 -> 2.235892e-05 | J13: 1459003 | K13: 1497191 | L13: =J13/K13-1 -> -0.025506432
A14: September | B14: =F14+J14 -> 4414587 | C14: 4402598 | D14: =B14/C14-1 -> 0.0027231648 | F14: 3160330 | G14: 3080732 | H14: =F14/G14-1 -> 0.025837366 | J14: 1254257 | K14: 1321866 | L14: =J14/K14-1 -> -0.051146637
A15: October | B15: =F15+J15 -> 4788331 | C15: 4664348 | D15: =B15/C15-1 -> 0.026580993 | F15: 3458277 | G15: 3329256 | H15: =F15/G15-1 -> 0.038753704 | J15: 1330054 | K15: 1335092 | L15: =J15/K15-1 -> -0.0037735227
A16: November | B16: 4290626 | C16: 4220258 | D16: =B16/C16-1 -> 0.016673862 | F16: 3086351 | G16: 3048773 | H16: =F16/G16-1 -> 0.012325614 | J16: 1204275 | K16: 1171485 | L16: =J16/K16-1 -> 0.027990115
A17: December | B17: 4543696 | C17: 4586031 | D17: =B17/C17-1 -> -0.0092312939 | F17: 3208284 | G17: 3276305 | H17: =F17/G17-1 -> -0.020761498 | J17: 1335412 | K17: 1309726 | L17: =J17/K17-1 -> 0.019611736
A18: YTD | B18: =SUM(B6:B17) -> 54359433 | C18: =SUM(C6:C17) -> 52133780 | D18: =B18/C18-1 -> 0.042691188 | F18: =SUM(F6:F17) -> 38446283 | G18: =SUM(G6:G17) -> 36378022 | H18: =F18/G18-1 -> 0.056854686 | J18: =SUM(J6:J17) -> 15913150 | K18: =SUM(K6:K17) -> 15755758 | L18: =J18/K18-1 -> 0.0099894908
A20: Source: San Francisco International Airport
A21: Note: Monthly figures may not sum to YTD totals due to data revisions

Sheet San Jose
A1: San Jose-SJC
B3: Total | F3: Domestic | J3: International
B4: 2025 | C4: 2024 | D4: YOY % change | F4: 2025 | G4: 2024 | H4: YOY % change | J4: 2025 | K4: 2024 | L4: YOY % change
A6: January | B6: 771112 | C6: 852269 | D6: =B6/C6-1 -> -0.09522463 | F6: 723051 | G6: 789908 | H6: =F6/G6-1 -> -0.084638971 | J6: =21430+26631 -> 48061 | K6: 62361 | L6: =J6/K6-1 -> -0.22930999
A7: February | B7: =F7+J7 -> 746233 | C7: 820358 | D7: =B7/C7-1 -> -0.090356893 | F7: =343446+336051+14166+14166 -> 707829 | G7: 765325 | H7: =F7/G7-1 -> -0.075126254 | J7: =18433+19971 -> 38404 | K7: 55033 | L7: =J7/K7-1 -> -0.30216416
A8: March | B8: 880071 | C8: 930522 | D8: =B8/C8-1 -> -0.054217955 | F8: 835298 | G8: 874463 | H8: =F8/G8-1 -> -0.044787487 | J8: 44773 | K8: 56059 | L8: =J8/K8-1 -> -0.20132361
A9: April | B9: =F9+J9 -> 891340 | C9: 966306 | D9: =B9/C9-1 -> -0.07757998 | F9: =402084+405500+17081+17081 -> 841746 | G9: 913771 | H9: =F9/G9-1 -> -0.078821718 | J9: =21495+28099 -> 49594 | K9: 52535 | L9: =J9/K9-1 -> -0.055981726
A10: May | B10: =F10+J10 -> 931307 | C10: 1029102 | D10: =B10/C10-1 -> -0.095029453 | F10: =423072+429026+15999+15999 -> 884096 | G10: 976688 | H10: =F10/G10-1 -> -0.094802025 | J10: 47211 | K10: 52414 | L10: =J10/K10-1 -> -0.099267371
A11: June | B11: 995920 | C11: 1093129 | D11: =B11/C11-1 -> -0.08892729 | F11: 944299 | G11: 1037596 | H11: =F11/G11-1 -> -0.089916499 | J11: 51621 | K11: 55533 | L11: =J11/K11-1 -> -0.070444601
A12: July | B12: 1007771 | C12: 1095311 | D12: =B12/C12-1 -> -0.079922506 | F12: 947930 | G12: 1034419 | H12: =F12/G12-1 -> -0.083611187 | J12: 59841 | K12: 60892 | L12: =J12/K12-1 -> -0.017260067
A13: August | B13: =F13+J13 -> 973995 | C13: 1066857 | D13: =B13/C13-1 -> -0.087042593 | F13: =435148+432048+30447+30447 -> 928090 | G13: 1016497 | H13: =F13/G13-1 -> -0.086972219 | J13: =19627+26278 -> 45905 | K13: 50360 | L13: =J13/K13-1 -> -0.088463066
A14: September | B14: =F14+J14 -> 874618 | C14: 979541 | D14: =B14/C14-1 -> -0.10711445 | F14: =396366+23876+403045+23876 -> 847163 | G14: 941324 | H14: =F14/G14-1 -> -0.10003038 | J14: =13030+14425 -> 27455 | K14: 38217 | L14: =J14/K14-1 -> -0.28160243
A15: October | B15: =F15+J15 -> 917828 | C15: 1043719 | D15: =B15/C15-1 -> -0.12061771 | F15: =416136+413926+25551+25551 -> 881164 | G15: 993026 | H15: =F15/G15-1 -> -0.1126476 | J15: =18984+17680 -> 36664 | K15: 50693 | L15: =J15/K15-1 -> -0.27674432
A16: November | B16: 830952 | C16: 954789 | D16: =B16/C16-1 -> -0.12970091 | F16: 792693 | G16: 907066 | H16: =F16/G16-1 -> -0.12609116 | J16: 38259 | K16: 47723 | L16: =J16/K16-1 -> -0.19831109
A17: December | B17: 854020 | C17: 1019367 | D17: =B17/C17-1 -> -0.16220556 | F17: 798690 | G17: 962563 | H17: =F17/G17-1 -> -0.17024652 | J17: 55330 | K17: 56804 | L17: =J17/K17-1 -> -0.025948877
A18: YTD | B18: =SUM(B6:B17) -> 10675167 | C18: =SUM(C6:C17) -> 11851270 | D18: =B18/C18-1 -> -0.099238563 | F18: =SUM(F6:F17) -> 10132049 | G18: =SUM(G6:G17) -> 11212646 | H18: =F18/G18-1 -> -0.096373059 | J18: =SUM(J6:J17) -> 543118 | K18: =SUM(K6:K17) -> 638624 | L18: =J18/K18-1 -> -0.14954966
A20: Source: San Jose Mineta International Airport
A21: Note: Monthly figures may not sum to YTD totals due to data revisions

Sheet High Low stats
C1: DATA TO BE COMPILED AT A LATER DATE
A3: Highest and lowest travel months in ranking of busiest to slowest airports
A5: 1 | C5: Los Angeles-LAX | F5: Highest traveled month:
H6: (out of 10 airports)
A9: 2 | C9: San Francisco-SFO
F10: Lowest traveled month:
H11: (out of 10 airports)
A13: 3 | C13: San Diego-SAN
A17: 4 | C17: Oakland-OAK
A21: 5 | C21: Sacramento-SMF
A25: 6 | C25: San Jose-SJC
A29: 7 | C29: Orange County- SNA
A33: 8 | C33: Ontario-ONT
A37: 9 | C37: Burbank- Bob Hope
A41: 10 | C41: Long Beach-LGB
