Workbook

Sheet CALIFORNIA
A1: CALIFORNIA
B3: Total | F3: Domestic | J3: International
B4: 2026 | C4: 2025 | D4: YOY % change | F4: 2026 | G4: 2025 | H4: YOY % change | J4: 2026 | K4: 2025 | L4: YOY % change
A6: January | B6: =F6+J6 -> 15592857 | C6: =G6+K6 -> 15669572 | D6: =B6/C6-1 -> -0.0048957942 | F6: ='Los Angeles'!F6+Burbank!F6+'Long Beach'!F6+Ontario!F6+'Orange County'!F6+Oakland!F6+Sacramento!F6+'San Diego'!F6+'San Jose'!F6+'San Francisco'!F6 -> 12102596 | G6: ='Los Angeles'!G6+Burbank!G6+'Long Beach'!G6+Ontario!G6+'Orange County'!G6+Oakland!G6+Sacramento!G6+'San Diego'!G6+'San Jose'!G6+'San Francisco'!G6 -> 12189779 | H6: =F6/G6-1 -> -0.0071521395 | J6: ='Los Angeles'!J6+Ontario!J6+'Orange County'!J6+Oakland!J6+Sacramento!J6+'San Diego'!J6+'San Jose'!J6+'San Francisco'!J6 -> 3490261 | K6: ='Los Angeles'!K6+Ontario!K6+'Orange County'!K6+Oakland!K6+Sacramento!K6+'San Diego'!K6+'San Jose'!K6+'San Francisco'!K6 -> 3479793 | L6: =J6/K6-1 -> 0.0030082249
A7: February | B7: =F7+J7 -> 14654681 | C7: =G7+K7 -> 14342466 | D7: =B7/C7-1 -> 0.021768572 | F7: ='Los Angeles'!F7+Burbank!F7+'Long Beach'!F7+Ontario!F7+'Orange County'!F7+Oakland!F7+Sacramento!F7+'San Diego'!F7+'San Jose'!F7+'San Francisco'!F7 -> 11721609 | G7: ='Los Angeles'!G7+Burbank!G7+'Long Beach'!G7+Ontario!G7+'Orange County'!G7+Oakland!G7+Sacramento!G7+'San Diego'!G7+'San Jose'!G7+'San Francisco'!G7 -> 11475325 | H7: =F7/G7-1 -> 0.02146205 | J7: ='Los Angeles'!J7+Ontario!J7+'Orange County'!J7+Oakland!J7+Sacramento!J7+'San Diego'!J7+'San Jose'!J7+'San Francisco'!J7 -> 2933072 | K7: ='Los Angeles'!K7+Ontario!K7+'Orange County'!K7+Oakland!K7+Sacramento!K7+'San Diego'!K7+'San Jose'!K7+'San Francisco'!K7 -> 2867141 | L7: =J7/K7-1 -> 0.022995381
A8: March | B8: =F8+J8 -> 17723551 | C8: =G8+K8 -> 17434379 | D8: =B8/C8-1 -> 0.016586309 | F8: ='Los Angeles'!F8+Burbank!F8+'Long Beach'!F8+Ontario!F8+'Orange County'!F8+Oakland!F8+Sacramento!F8+'San Diego'!F8+'San Jose'!F8+'San Francisco'!F8 -> 14257484 | G8: ='Los Angeles'!G8+Burbank!G8+'Long Beach'!G8+Ontario!G8+'Orange County'!G8+Oakland!G8+Sacramento!G8+'San Diego'!G8+'San Jose'!G8+'San Francisco'!G8 -> 14013509 | H8: =F8/G8-1 -> 0.017409986 | J8: ='Los Angeles'!J8+Ontario!J8+'Orange County'!J8+Oakland!J8+Sacramento!J8+'San Diego'!J8+'San Jose'!J8+'San Francisco'!J8 -> 3466067 | K8: ='Los Angeles'!K8+Ontario!K8+'Orange County'!K8+Oakland!K8+Sacramento!K8+'San Diego'!K8+'San Jose'!K8+'San Francisco'!K8 -> 3420870 | L8: =J8/K8-1 -> 0.013212136
A9: April | C9: =G9+K9 -> 17734772 | D9: =B9/C9-1 -> -1 | G9: ='Los Angeles'!G9+Burbank!G9+'Long Beach'!G9+Ontario!G9+'Orange County'!G9+Oakland!G9+Sacramento!G9+'San Diego'!G9+'San Jose'!G9+'San Francisco'!G9 -> 14172456 | H9: =F9/G9-1 -> -1 | K9: ='Los Angeles'!K9+Ontario!K9+'Orange County'!K9+Oakland!K9+Sacramento!K9+'San Diego'!K9+'San Jose'!K9+'San Francisco'!K9 -> 3562316 | L9: =J9/K9-1 -> -1
A10: May | C10: =G10+K10 -> 18994856 | D10: =B10/C10-1 -> -1 | G10: ='Los Angeles'!G10+Burbank!G10+'Long Beach'!G10+Ontario!G10+'Orange County'!G10+Oakland!G10+Sacramento!G10+'San Diego'!G10+'San Jose'!G10+'San Francisco'!G10 -> 15299389 | H10: =F10/G10-1 -> -1 | K10: ='Los Angeles'!K10+Ontario!K10+'Orange County'!K10+Oakland!K10+Sacramento!K10+'San Diego'!K10+'San Jose'!K10+'San Francisco'!K10 -> 3695467 | L10: =J10/K10-1 -> -1
A11: June | C11: =G11+K11 -> 19954080 | D11: =B11/C11-1 -> -1 | G11: ='Los Angeles'!G11+Burbank!G11+'Long Beach'!G11+Ontario!G11+'Orange County'!G11+Oakland!G11+Sacramento!G11+'San Diego'!G11+'San Jose'!G11+'San Francisco'!G11 -> 15917371 | H11: =F11/G11-1 -> -1 | K11: ='Los Angeles'!K11+Ontario!K11+'Orange County'!K11+Oakland!K11+Sacramento!K11+'San Diego'!K11+'San Jose'!K11+'San Francisco'!K11 -> 4036709 | L11: =J11/K11-1 -> -1
A12: July | C12: =G12+K12 -> 20646984 | D12: =B12/C12-1 -> -1 | G12: ='Los Angeles'!G12+Burbank!G12+'Long Beach'!G12+Ontario!G12+'Orange County'!G12+Oakland!G12+Sacramento!G12+'San Diego'!G12+'San Jose'!G12+'San Francisco'!G12 -> 16375685 | H12: =F12/G12-1 -> -1 | K12: ='Los Angeles'!K12+Ontario!K12+'Orange County'!K12+Oakland!K12+Sacramento!K12+'San Diego'!K12+'San Jose'!K12+'San Francisco'!K12 -> 4271299 | L12: =J12/K12-1 -> -1
A13: August | C13: =G13+K13 -> 19406379 | D13: =B13/C13-1 -> -1 | G13: ='Los Angeles'!G13+Burbank!G13+'Long Beach'!G13+Ontario!G13+'Orange County'!G13+Oakland!G13+Sacramento!G13+'San Diego'!G13+'San Jose'!G13+'San Francisco'!G13 -> 15448385 | H13: =F13/G13-1 -> -1 | K13: ='Los Angeles'!K13+Ontario!K13+'Orange County'!K13+Oakland!K13+Sacramento!K13+'San Diego'!K13+'San Jose'!K13+'San Francisco'!K13 -> 3957994 | L13: =J13/K13-1 -> -1
A14: September | C14: =G14+K14 -> 17474756 | D14: =B14/C14-1 -> -1 | G14: ='Los Angeles'!G14+Burbank!G14+'Long Beach'!G14+Ontario!G14+'Orange County'!G14+Oakland!G14+Sacramento!G14+'San Diego'!G14+'San Jose'!G14+'San Francisco'!G14 -> 14084860 | H14: =F14/G14-1 -> -1 | K14: ='Los Angeles'!K14+Ontario!K14+'Orange County'!K14+Oakland!K14+Sacramento!K14+'San Diego'!K14+'San Jose'!K14+'San Francisco'!K14 -> 3389896 | L14: =J14/K14-1 -> -1
A15: October | C15: =G15+K15 -> 18813147 | D15: =B15/C15-1 -> -1 | G15: ='Los Angeles'!G15+Burbank!G15+'Long Beach'!G15+Ontario!G15+'Orange County'!G15+Oakland!G15+Sacramento!G15+'San Diego'!G15+'San Jose'!G15+'San Francisco'!G15 -> 15259846 | H15: =F15/G15-1 -> -1 | K15: ='Los Angeles'!K15+Ontario!K15+'Orange County'!K15+Oakland!K15+Sacramento!K15+'San Diego'!K15+'San Jose'!K15+'San Francisco'!K15 -> 3553301 | L15: =J15/K15-1 -> -1
A16: November | C16: =G16+K16 -> 17015175 | D16: =B16/C16-1 -> -1 | G16: ='Los Angeles'!G16+Burbank!G16+'Long Beach'!G16+Ontario!G16+'Orange County'!G16+Oakland!G16+Sacramento!G16+'San Diego'!G16+'San Jose'!G16+'San Francisco'!G16 -> 13737762 | H16: =F16/G16-1 -> -1 | K16: ='Los Angeles'!K16+Ontario!K16+'Orange County'!K16+Oakland!K16+Sacramento!K16+'San Diego'!K16+'San Jose'!K16+'San Francisco'!K16 -> 3277413 | L16: =J16/K16-1 -> -1
A17: December | C17: =G17+K17 -> 18184377 | D17: =B17/C17-1 -> -1 | G17: ='Los Angeles'!G17+Burbank!G17+'Long Beach'!G17+Ontario!G17+'Orange County'!G17+Oakland!G17+Sacramento!G17+'San Diego'!G17+'San Jose'!G17+'San Francisco'!G17 -> 14480145 | H17: =F17/G17-1 -> -1 | K17: ='Los Angeles'!K17+Ontario!K17+'Orange County'!K17+Oakland!K17+Sacramento!K17+'San Diego'!K17+'San Jose'!K17+'San Francisco'!K17 -> 3704232 | L17: =J17/K17-1 -> -1
A19: Sources: Individual airports

Sheet Los Angeles
A1: Los Angeles - LAX
B3: Total | F3: Domestic | J3: International
B4: 2026 | C4: 2025 | D4: YOY % change | F4: 2026 | G4: 2025 | H4: YOY % change | J4: 2026 | K4: 2025 | L4: YOY % change
A6: January | B6: 5546409 | C6: 5503062 | D6: =B6/C6-1 -> 0.0078768874 | F6: 3634168 | G6: 3584089 | H6: =F6/G6-1 -> 0.013972588 | J6: 1912241 | K6: 1918973 | L6: =J6/K6-1 -> -0.0035081265
A7: February | B7: 4956270 | C7: 4910372 | D7: =B7/C7-1 -> 0.0093471533 | F7: 3357714 | G7: 3329110 | H7: =F7/G7-1 -> 0.0085920862 | J7: 1598556 | K7: 1581262 | L7: =J7/K7-1 -> 0.010936834
A8: March | B8: 6011798 | C8: =G8+K8 -> 6017600 | D8: =B8/C8-1 -> -0.00096417176 | F8: 4151549 | G8: 4122303 | H8: =F8/G8-1 -> 0.007094578 | J8: 1860249 | K8: 1895297 | L8: =J8/K8-1 -> -0.018492089
A9: April | C9: =G9+K9 -> 6062213 | D9: =B9/C9-1 -> -1 | G9: 4093498 | H9: =F9/G9-1 -> -1 | K9: 1968715 | L9: =J9/K9-1 -> -1
A10: May | C10: =G10+K10 -> 6447305 | D10: =B10/C10-1 -> -1 | G10: 4443330 | H10: =F10/G10-1 -> -1 | K10: 2003975 | L10: =J10/K10-1 -> -1
A11: June | C11: 6838239 | D11: =B11/C11-1 -> -1 | G11: 4678753 | H11: =F11/G11-1 -> -1 | K11: 2159486 | L11: =J11/K11-1 -> -1
A12: July | C12: 6838239 | D12: =B12/C12-1 -> -1 | G12: 4857993 | H12: =F12/G12-1 -> -1 | K12: 2319944 | L12: =J12/K12-1 -> -1
A13: August | C13: 6691917 | D13: =B13/C13-1 -> -1 | G13: 4517782 | H13: =F13/G13-1 -> -1 | K13: 2174135 | L13: =J13/K13-1 -> -1
A14: September | C14: 5809235 | D14: =B14/C14-1 -> -1 | G14: 3942661 | H14: =F14/G14-1 -> -1 | K14: 1866574 | L14: =J14/K14-1 -> -1
A15: October | C15: 6240234 | D15: =B15/C15-1 -> -1 | G15: 4316898 | H15: =F15/G15-1 -> -1 | K15: 1923336 | L15: =J15/K15-1 -> -1
A16: November | C16: 5705628 | D16: =B16/C16-1 -> -1 | G16: 3925165 | H16: =F16/G16-1 -> -1 | K16: 1780463 | L16: =J16/K16-1 -> -1
A17: December | C17: 6312331 | D17: =B17/C17-1 -> -1 | G17: 4287654 | H17: =F17/G17-1 -> -1 | K17: 2024677 | L17: =J17/K17-1 -> -1
A19: Source: LAWA

Sheet Burbank
A1: Burbank- Bob Hope
B3: Total | F3: Domestic | J3: International
B4: 2026 | C4: 2025 | D4: YOY % change | F4: 2026 | G4: 2025 | H4: YOY % change | J4: 2026 | K4: 2025 | L4: YOY % change
A6: January | B6: 403020 | C6: 409153 | D6: =B6/C6-1 -> -0.014989503 | F6: 403020 | G6: 409153 | H6: =F6/G6-1 -> -0.014989503
A7: February | B7: 397922 | C7: 425370 | D7: =B7/C7-1 -> -0.064527353 | F7: 397922 | G7: 425370 | H7: =F7/G7-1 -> -0.064527353
A8: March | B8: 494320 | C8: 531078 | D8: =B8/C8-1 -> -0.069213938 | F8: 494320 | G8: 531078 | H8: =F8/G8-1 -> -0.069213938
A9: April | C9: 539544 | D9: =B9/C9-1 -> -1 | G9: 539544 | H9: =F9/G9-1 -> -1
A10: May | C10: 577338 | D10: =B10/C10-1 -> -1 | G10: 577338 | H10: =F10/G10-1 -> -1
A11: June | C11: 557427 | D11: =B11/C11-1 -> -1 | G11: 557427 | H11: =F11/G11-1 -> -1
A12: July | C12: 548964 | D12: =B12/C12-1 -> -1 | G12: 548964 | H12: =F12/G12-1 -> -1
A13: August | C13: 558913 | D13: =B13/C13-1 -> -1 | G13: 558913 | H13: =F13/G13-1 -> -1
A14: September | C14: 523677 | D14: =B14/C14-1 -> -1 | G14: 523677 | H14: =F14/G14-1 -> -1
A15: October | C15: 549824 | D15: =B15/C15-1 -> -1 | G15: 549824 | H15: =F15/G15-1 -> -1
A16: November | C16: 492588 | D16: =B16/C16-1 -> -1 | G16: 492588 | H16: =F16/G16-1 -> -1
A17: December | C17: 505603 | D17: =B17/C17-1 -> -1 | G17: 505603 | H17: =F17/G17-1 -> -1
A19: Source: Bob Hope Airport

Sheet Long Beach
A1: Long Beach -LGB
B3: Total | F3: Domestic | J3: International
B4: 2026 | C4: 2025 | D4: YOY % change | F4: 2026 | G4: 2025 | H4: YOY % change | J4: 2025 | K4: 2024 | L4: YOY % change
A6: January | B6: 265707 | C6: 269452 | D6: =B6/C6-1 -> -0.013898579 | F6: 265707 | G6: 269452 | H6: =F6/G6-1 -> -0.013898579
A7: February | B7: 254955 | C7: 263160 | D7: =B7/C7-1 -> -0.031178751 | F7: 254955 | G7: 263160 | H7: =F7/G7-1 -> -0.031178751
A8: March | B8: 289010 | C8: 332783 | D8: =B8/C8-1 -> -0.13153617 | F8: 289010 | G8: 332783 | H8: =F8/G8-1 -> -0.13153617
A9: April | C9: 317072 | D9: =B9/C9-1 -> -1 | G9: 317072 | H9: =F9/G9-1 -> -1
A10: May | C10: 331577 | D10: =B10/C10-1 -> -1 | G10: 331577 | H10: =F10/G10-1 -> -1
A11: June | C11: 338846 | D11: =B11/C11-1 -> -1 | G11: 338846 | H11: =F11/G11-1 -> -1
A12: July | C12: 340085 | D12: =B12/C12-1 -> -1 | G12: 340085 | H12: =F12/G12-1 -> -1
A13: August | C13: 318109 | D13: =B13/C13-1 -> -1 | G13: 318109 | H13: =F13/G13-1 -> -1
A14: September | C14: 314742 | D14: =B14/C14-1 -> -1 | G14: 314742 | H14: =F14/G14-1 -> -1
A15: October | C15: 340474 | D15: =B15/C15-1 -> -1 | G15: 340474 | H15: =F15/G15-1 -> -1
A16: November | C16: 314422 | D16: =B16/C16-1 -> -1 | G16: 314422 | H16: =F16/G16-1 -> -1
A17: December | C17: 333092 | D17: =B17/C17-1 -> -1 | G17: 333092 | H17: =F17/G17-1 -> -1
A19: Source: Long Beach Airport

Sheet Oakland
A1: Oakland- OAK
B3: Total | F3: Domestic | J3: International
B4: 2026 | C4: 2025 | D4: YOY % change | F4: 2026 | G4: 2025 | H4: YOY % change | J4: 2026 | K4: 2025 | L4: YOY % change
A6: January | B6: 610834 | C6: 680732 | D6: =B6/C6-1 -> -0.10268064 | F6: 530758 | G6: 607727 | H6: =F6/G6-1 -> -0.12665062 | J6: 80076 | K6: 73005 | L6: =J6/K6-1 -> 0.09685638
A7: February | B7: 595876 | C7: =G7+K7 -> 668485 | D7: =B7/C7-1 -> -0.10861725 | F7: 533713 | G7: =303280+300870 -> 604150 | H7: =F7/G7-1 -> -0.1165886 | J7: 62163 | K7: =33473+30862 -> 64335 | L7: =J7/K7-1 -> -0.033760783
A8: March | B8: =F8+J8 -> 662365 | C8: =G8+K8 -> 784564 | D8: =B8/C8-1 -> -0.15575402 | F8: =300917+298958 -> 599875 | G8: =362130+360287 -> 722417 | H8: =F8/G8-1 -> -0.16962779 | J8: =29749+32741 -> 62490 | K8: 62147 | L8: =J8/K8-1 -> 0.0055191723
A9: April | C9: =G9+K9 -> 790765 | D9: =B9/C9-1 -> -1 | G9: =361686+364343 -> 726029 | H9: =F9/G9-1 -> -1 | K9: =30035+34701 -> 64736 | L9: =J9/K9-1 -> -1
A10: May | C10: =G10+K10 -> 833705 | D10: =B10/C10-1 -> -1 | G10: =387577+388424 -> 776001 | H10: =F10/G10-1 -> -1 | K10: =26964+30740 -> 57704 | L10: =J10/K10-1 -> -1
A11: June | C11: =G11+K11 -> 810585 | D11: =B11/C11-1 -> -1 | G11: =378904+369326 -> 748230 | H11: =F11/G11-1 -> -1 | K11: =34057+28298 -> 62355 | L11: =J11/K11-1 -> -1
A12: July | C12: 823115 | D12: =B12/C12-1 -> -1 | G12: 755759 | H12: =F12/G12-1 -> -1 | K12: 67356 | L12: =J12/K12-1 -> -1
A13: August | C13: 810584 | D13: =B13/C13-1 -> -1 | G13: =C13-K13 -> 746568 | H13: =F13/G13-1 -> -1 | K13: =28699+35317 -> 64016 | L13: =J13/K13-1 -> -1
A14: September | C14: =G14+K14 -> 751935 | D14: =B14/C14-1 -> -1 | G14: =343053+348248 -> 691301 | H14: =F14/G14-1 -> -1 | K14: =28463+32171 -> 60634 | L14: =J14/K14-1 -> -1
A15: October | C15: =768402 -> 768402 | D15: =B15/C15-1 -> -1 | G15: =352354+353087 -> 705441 | H15: =F15/G15-1 -> -1 | K15: =32883+30078 -> 62961 | L15: =J15/K15-1 -> -1
A16: November | C16: 704344 | D16: =B16/C16-1 -> -1 | G16: 634707 | H16: =F16/G16-1 -> -1 | K16: 69637 | L16: =J16/K16-1 -> -1
A17: December | C17: 740588 | D17: =B17/C17-1 -> -1 | G17: 657649 | H17: =F17/G17-1 -> -1 | K17: 82939 | L17: =J17/K17-1 -> -1
A19: Source: Oakland International Airport

Sheet Ontario
A1: Ontario-ONT
B3: Total | F3: Domestic | J3: International
B4: 2026 | C4: 2025 | D4: YOY % change | F4: 2026 | G4: 2025 | H4: YOY % change | J4: 2026 | K4: 2025 | L4: YOY % change
A6: January | B6: 492895 | C6: 475239 | D6: =B6/C6-1 -> 0.037151833 | F6: 441949 | G6: 438999 | H6: =F6/G6-1 -> 0.0067198331 | J6: 50946 | K6: 36240 | L6: =J6/K6-1 -> 0.4057947
A7: February | B7: 478625 | C7: 450093 | D7: =B7/C7-1 -> 0.063391344 | F7: 435690 | G7: =C7-K7 -> 417881 | H7: =F7/G7-1 -> 0.042617396 | J7: 42935 | K7: =16148+16064 -> 32212 | L7: =J7/K7-1 -> 0.33288836
A8: March | B8: 574819 | C8: 559619 | D8: =B8/C8-1 -> 0.027161337 | F8: =B8-J8 -> 528661 | G8: 524594 | H8: =F8/G8-1 -> 0.0077526621 | J8: =19920+26238 -> 46158 | K8: 35025 | L8: =J8/K8-1 -> 0.31785867
A9: April | C9: 575623 | D9: =B9/C9-1 -> -1 | G9: =C9-K9 -> 542542 | H9: =F9/G9-1 -> -1 | K9: =15546+17535 -> 33081 | L9: =J9/K9-1 -> -1
A10: May | C10: 630137 | D10: =B10/C10-1 -> -1 | G10: =C10-K10 -> 595141 | H10: =F10/G10-1 -> -1 | K10: =16967+18029 -> 34996 | L10: =J10/K10-1 -> -1
A11: June | C11: 659787 | D11: =B11/C11-1 -> -1 | G11: 625139 | H11: =F11/G11-1 -> -1 | K11: 34648 | L11: =J11/K11-1 -> -1
A12: July | C12: 681912 | D12: =B12/C12-1 -> -1 | G12: 638693 | H12: =F12/G12-1 -> -1 | K12: 43219 | L12: =J12/K12-1 -> -1
A13: August | C13: 646820 | D13: =B13/C13-1 -> -1 | G13: =C13-K13 -> 605930 | H13: =F13/G13-1 -> -1 | K13: =26649+14241 -> 40890 | L13: =J13/K13-1 -> -1
A14: September | C14: 599086 | D14: =B14/C14-1 -> -1 | G14: =C14-K14 -> 564478 | H14: =F14/G14-1 -> -1 | K14: =10326+24282 -> 34608 | L14: =J14/K14-1 -> -1
A15: October | C15: 639598 | D15: =B15/C15-1 -> -1 | G15: =C15-K15 -> 597391 | H15: =F15/G15-1 -> -1 | K15: =14340+27867 -> 42207 | L15: =J15/K15-1 -> -1
A16: November | C16: 593799 | D16: =B16/C16-1 -> -1 | G16: 547959 | H16: =F16/G16-1 -> -1 | K16: 45840 | L16: =J16/K16-1 -> -1
A17: December | C17: 604995 | D17: =B17/C17-1 -> -1 | G17: 555219 | H17: =F17/G17-1 -> -1 | K17: 49776 | L17: =J17/K17-1 -> -1
A19: Source: Ontario International Airport

Sheet Orange County
A1: Orange County Santa Ana/John Wayne- SNA
B3: Total | F3: Domestic | J3: International
B4: 2026 | C4: 2025 | D4: YOY % change | F4: 2026 | G4: 2025 | H4: YOY % change | J4: 2026 | K4: 2025 | L4: YOY % change
A6: January | B6: 841879 | C6: 814132 | D6: =B6/C6-1 -> 0.034081697 | F6: =B6-J6 -> 822072 | G6: =C6-K6 -> 790761 | H6: =F6/G6-1 -> 0.039596035 | J6: 19807 | K6: 23371 | L6: =J6/K6-1 -> -0.15249668
A7: February | B7: 829843 | C7: 784113 | D7: =B7/C7-1 -> 0.058320676 | F7: =B7-J7 -> 810740 | G7: =C7-K7 -> 760684 | H7: =F7/G7-1 -> 0.065803934 | J7: 19103 | K7: 23429 | L7: =J7/K7-1 -> -0.18464296
A8: March | B8: 965761 | C8: 928717 | D8: =B8/C8-1 -> 0.039887285 | F8: =B8-J8 -> 947195 | G8: 900610 | H8: =F8/G8-1 -> 0.051726052 | J8: 18566 | K8: 28107 | L8: =J8/K8-1 -> -0.33945281
A9: April | C9: 910435 | D9: =B9/C9-1 -> -1 | G9: =C9-K9 -> 883150 | H9: =F9/G9-1 -> -1 | K9: 27285 | L9: =J9/K9-1 -> -1
A10: May | C10: 980663 | D10: =B10/C10-1 -> -1 | G10: =C10-K10 -> 956111 | H10: =F10/G10-1 -> -1 | K10: 24552 | L10: =J10/K10-1 -> -1
A11: June | C11: 1022397 | D11: =B11/C11-1 -> -1 | G11: =C11-K11 -> 996918 | H11: =F11/G11-1 -> -1 | K11: 25479 | L11: =J11/K11-1 -> -1
A12: July | C12: 1052623 | D12: =B12/C12-1 -> -1 | G12: =C12-K12 -> 1024907 | H12: =F12/G12-1 -> -1 | K12: 27716 | L12: =J12/K12-1 -> -1
A13: August | C13: 1034529 | D13: =B13/C13-1 -> -1 | G13: =C13-K13 -> 1009899 | H13: =F13/G13-1 -> -1 | K13: 24630 | L13: =J13/K13-1 -> -1
A14: September | C14: 961137 | D14: =B14/C14-1 -> -1 | G14: =C14-K14 -> 938488 | H14: =F14/G14-1 -> -1 | K14: 22649 | L14: =J14/K14-1 -> -1
A15: October | C15: 1007895 | D15: =B15/C15-1 -> -1 | G15: =C15-K15 -> 985191 | H15: =F15/G15-1 -> -1 | K15: 22704 | L15: =J15/K15-1 -> -1
A16: November | C16: 910916 | D16: =B16/C16-1 -> -1 | G16: 887889 | H16: =F16/G16-1 -> -1 | K16: 23027 | L16: =J16/K16-1 -> -1
A17: December | C17: 961634 | D17: =B17/C17-1 -> -1 | G17: 937229 | H17: =F17/G17-1 -> -1 | K17: 24405 | L17: =J17/K17-1 -> -1
A19: Source: John Wayne Airport

Sheet Sacramento
A1: Sacramento-SMF
B3: Total | F3: Domestic | J3: International
B4: 2026 | C4: 2025 | D4: YOY % change | F4: 2026 | G4: 2025 | H4: YOY % change | J4: 2026 | K4: 2025 | L4: YOY % change
A6: January | B6: 935705 | C6: 939365 | D6: =B6/C6-1 -> -0.0038962491 | F6: 880615 | G6: 892319 | H6: =F6/G6-1 -> -0.013116386 | J6: 55090 | K6: 47046 | L6: =J6/K6-1 -> 0.17098159
A7: February | B7: 928271 | C7: =G7+K7 -> 922357 | D7: =B7/C7-1 -> 0.006411834 | F7: 882002 | G7: =394131+42809+276+392400+51550+276 -> 881442 | H7: =F7/G7-1 -> 0.00063532257 | J7: 46269 | K7: =21946+18969 -> 40915 | L7: =J7/K7-1 -> 0.13085665
A8: March | B8: 1107773 | C8: 1128857 | D8: =B8/C8-1 -> -0.018677299 | F8: =495785+41131+666+485114+40612+666 -> 1063974 | G8: 1083556 | H8: =F8/G8-1 -> -0.018071978 | J8: =B8-F8 -> 43799 | K8: 45301 | L8: =J8/K8-1 -> -0.033156001
A9: April | C9: =G9+K9 -> 1157886 | D9: =B9/C9-1 -> -1 | G9: =506311+53693+372+502376+53723+372 -> 1116847 | H9: =F9/G9-1 -> -1 | K9: =19378+21661 -> 41039 | L9: =J9/K9-1 -> -1
A10: May | C10: =G10+K10 -> 1238628 | D10: =B10/C10-1 -> -1 | G10: =544750+52990+202+549617+52820+202 -> 1200581 | H10: =F10/G10-1 -> -1 | K10: =18745+19302 -> 38047 | L10: =J10/K10-1 -> -1
A11: June | C11: 1297721 | D11: =B11/C11-1 -> -1 | G11: 1254723 | H11: =F11/G11-1 -> -1 | K11: 42998 | L11: =J11/K11-1 -> -1
A12: July | C12: 1328712 | D12: =B12/C12-1 -> -1 | G12: 1274522 | H12: =F12/G12-1 -> -1 | K12: 54190 | L12: =J12/K12-1 -> -1
A13: August | C13: 1242472 | D13: =B13/C13-1 -> -1 | G13: 1201158 | H13: =F13/G13-1 -> -1 | K13: 41314 | L13: =J13/K13-1 -> -1
A14: September | C14: =G14+K14 -> 1169982 | D14: =B14/C14-1 -> -1 | G14: =135+49114+518161+519615+48582+140 -> 1135747 | H14: =F14/G14-1 -> -1 | K14: =17061+17174 -> 34235 | L14: =J14/K14-1 -> -1
A15: October | C15: =G15+K15 -> 1246844 | D15: =B15/C15-1 -> -1 | G15: =548318+56515+743+544962+57092+602 -> 1208232 | H15: =F15/G15-1 -> -1 | K15: =18634+19978 -> 38612 | L15: =J15/K15-1 -> -1
A16: November | C16: 1100961 | D16: =B16/C16-1 -> -1 | G16: 1062995 | H16: =F16/G16-1 -> -1 | K16: 37966 | L16: =J16/K16-1 -> -1
A17: December | C17: 1138933 | D17: =B17/C17-1 -> -1 | G17: 1090143 | H17: =F17/G17-1 -> -1 | K17: 48790 | L17: =J17/K17-1 -> -1
A19: Source: Sacramento International Airport

Sheet San Diego
A1: San Diego-SAN
B3: Total | F3: Domestic | J3: International
B4: 2026 | C4: 2025 | D4: YOY % change | F4: 2026 | G4: 2025 | H4: YOY % change | J4: 2026 | K4: 2025 | L4: YOY % change
A6: January | B6: 1853215 | C6: 1788014 | D6: =B6/C6-1 -> 0.036465598 | F6: 1779129 | G6: 1719801 | H6: =F6/G6-1 -> 0.034497014 | J6: 74086 | K6: 68213 | L6: =J6/K6-1 -> 0.086097958
A7: February | B7: 1841024 | C7: =G7+K7 -> 1631661 | D7: =B7/C7-1 -> 0.12831281 | F7: 1776293 | G7: 1574813 | H7: =F7/G7-1 -> 0.127939 | J7: 64731 | K7: 56848 | L7: =J7/K7-1 -> 0.13866803
A8: March | B8: 2304373 | C8: 1999137 | D8: =B8/C8-1 -> 0.15268388 | F8: 2220931 | G8: 1925014 | H8: =F8/G8-1 -> 0.153722 | J8: 83442 | K8: 74123 | L8: =J8/K8-1 -> 0.12572346
A9: April | C9: 2038799 | D9: =B9/C9-1 -> -1 | G9: 1952381 | H9: =F9/G9-1 -> -1 | K9: 86418 | L9: =J9/K9-1 -> -1
A10: May | C10: 2169067 | D10: =B10/C10-1 -> -1 | G10: 2065836 | H10: =F10/G10-1 -> -1 | K10: 103231 | L10: =J10/K10-1 -> -1
A11: June | C11: 2319522 | D11: =B11/C11-1 -> -1 | G11: 2204233 | H11: =F11/G11-1 -> -1 | K11: 115289 | L11: =J11/K11-1 -> -1
A12: July | C12: 2428862 | D12: =B12/C12-1 -> -1 | G12: 2307229 | H12: =F12/G12-1 -> -1 | K12: 121633 | L12: =J12/K12-1 -> -1
A13: August | C13: 2315596 | D13: =B13/C13-1 -> -1 | G13: 2207495 | H13: =F13/G13-1 -> -1 | K13: 108101 | L13: =J13/K13-1 -> -1
A14: September | C14: =G14+K14 -> 2055757 | D14: =B14/C14-1 -> -1 | G14: 1966273 | H14: =F14/G14-1 -> -1 | K14: 89484 | L14: =J14/K14-1 -> -1
A15: October | C15: 2313717 | D15: =B15/C15-1 -> -1 | G15: 2216954 | H15: =F15/G15-1 -> -1 | K15: 96763 | L15: =J15/K15-1 -> -1
A16: November | C16: 2070939 | D16: =B16/C16-1 -> -1 | G16: 1992993 | H16: =F16/G16-1 -> -1 | K16: 77946 | L16: =J16/K16-1 -> -1
A17: December | C17: 2189485 | D17: =B17/C17-1 -> -1 | G17: 2106582 | H17: =F17/G17-1 -> -1 | K17: 82903 | L17: =J17/K17-1 -> -1
A19: Source: San Diego International Airport

Sheet San Francisco
A1: San Francisco- SFO
B3: Total | F3: Domestic | J3: International
B4: 2026 | C4: 2025 | D4: YOY % change | F4: 2026 | G4: 2025 | H4: YOY % change | J4: 2026 | K4: 2025 | L4: YOY % change
A6: January | B6: 3995513 | C6: 4019311 | D6: =B6/C6-1 -> -0.0059209153 | F6: 2739850 | G6: 2754427 | H6: =F6/G6-1 -> -0.0052922078 | J6: 1255663 | K6: 1264884 | L6: =J6/K6-1 -> -0.0072899966
A7: February | B7: 3698278 | C7: =G7+K7 -> 3540622 | D7: =B7/C7-1 -> 0.044527769 | F7: 2632537 | G7: 2510886 | H7: =F7/G7-1 -> 0.048449432 | J7: 1065741 | K7: 1029736 | L7: =J7/K7-1 -> 0.034965273
A8: March | B8: =F8+J8 -> 4540874 | C8: 4271953 | D8: =B8/C8-1 -> 0.062950365 | F8: 3226749 | G8: 3035856 | H8: =F8/G8-1 -> 0.062879465 | J8: 1314125 | K8: 1236097 | L8: =J8/K8-1 -> 0.063124496
A9: April | C9: =G9+K9 -> 4451095 | D9: =B9/C9-1 -> -1 | G9: 3159647 | H9: =F9/G9-1 -> -1 | K9: 1291448 | L9: =J9/K9-1 -> -1
A10: May | C10: =G10+K10 -> 4855129 | D10: =B10/C10-1 -> -1 | G10: 3469378 | H10: =F10/G10-1 -> -1 | K10: 1385751 | L10: =J10/K10-1 -> -1
A11: June | C11: 5113636 | D11: =B11/C11-1 -> -1 | G11: 3568803 | H11: =F11/G11-1 -> -1 | K11: 1544833 | L11: =J11/K11-1 -> -1
A12: July | C12: 5257003 | D12: =B12/C12-1 -> -1 | G12: 3679603 | H12: =F12/G12-1 -> -1 | K12: 1577400 | L12: =J12/K12-1 -> -1
A13: August | C13: =G13+K13 -> 4813444 | D13: =B13/C13-1 -> -1 | G13: 3354441 | H13: =F13/G13-1 -> -1 | K13: 1459003 | L13: =J13/K13-1 -> -1
A14: September | C14: =G14+K14 -> 4414587 | D14: =B14/C14-1 -> -1 | G14: 3160330 | H14: =F14/G14-1 -> -1 | K14: 1254257 | L14: =J14/K14-1 -> -1
A15: October | C15: =G15+K15 -> 4788331 | D15: =B15/C15-1 -> -1 | G15: 3458277 | H15: =F15/G15-1 -> -1 | K15: 1330054 | L15: =J15/K15-1 -> -1
A16: November | C16: 4290626 | D16: =B16/C16-1 -> -1 | G16: 3086351 | H16: =F16/G16-1 -> -1 | K16: 1204275 | L16: =J16/K16-1 -> -1
A17: December | C17: 4543696 | D17: =B17/C17-1 -> -1 | G17: 3208284 | H17: =F17/G17-1 -> -1 | K17: 1335412 | L17: =J17/K17-1 -> -1
A19: Source: San Francisco International Airport

Sheet San Jose
A1: San Jose-SJC
B3: Total | F3: Domestic | J3: International
B4: 2026 | C4: 2025 | D4: YOY % change | F4: 2026 | G4: 2025 | H4: YOY % change | J4: 2026 | K4: 2025 | L4: YOY % change
A6: January | B6: 647680 | C6: 771112 | D6: =B6/C6-1 -> -0.16007013 | F6: 605328 | G6: 723051 | H6: =F6/G6-1 -> -0.16281424 | J6: 42352 | K6: =21430+26631 -> 48061 | L6: =J6/K6-1 -> -0.11878654
A7: February | B7: 673617 | C7: =G7+K7 -> 746233 | D7: =B7/C7-1 -> -0.097310089 | F7: 640043 | G7: =343446+336051+14166+14166 -> 707829 | H7: =F7/G7-1 -> -0.095766068 | J7: 33574 | K7: =18433+19971 -> 38404 | L7: =J7/K7-1 -> -0.12576815
A8: March | B8: =F8+J8 -> 772458 | C8: 880071 | D8: =B8/C8-1 -> -0.12227763 | F8: =342936+345732+23276+23276 -> 735220 | G8: 835298 | H8: =F8/G8-1 -> -0.11981113 | J8: =17956+19282 -> 37238 | K8: 44773 | L8: =J8/K8-1 -> -0.16829339
A9: April | C9: =G9+K9 -> 891340 | D9: =B9/C9-1 -> -1 | G9: =402084+405500+17081+17081 -> 841746 | H9: =F9/G9-1 -> -1 | K9: =21495+28099 -> 49594 | L9: =J9/K9-1 -> -1
A10: May | C10: =G10+K10 -> 931307 | D10: =B10/C10-1 -> -1 | G10: =423072+429026+15999+15999 -> 884096 | H10: =F10/G10-1 -> -1 | K10: 47211 | L10: =J10/K10-1 -> -1
A11: June | C11: 995920 | D11: =B11/C11-1 -> -1 | G11: 944299 | H11: =F11/G11-1 -> -1 | K11: 51621 | L11: =J11/K11-1 -> -1
A12: July | C12: 1007771 | D12: =B12/C12-1 -> -1 | G12: 947930 | H12: =F12/G12-1 -> -1 | K12: 59841 | L12: =J12/K12-1 -> -1
A13: August | C13: =G13+K13 -> 973995 | D13: =B13/C13-1 -> -1 | G13: =435148+432048+30447+30447 -> 928090 | H13: =F13/G13-1 -> -1 | K13: =19627+26278 -> 45905 | L13: =J13/K13-1 -> -1
A14: September | C14: =G14+K14 -> 874618 | D14: =B14/C14-1 -> -1 | G14: =396366+23876+403045+23876 -> 847163 | H14: =F14/G14-1 -> -1 | K14: =13030+14425 -> 27455 | L14: =J14/K14-1 -> -1
A15: October | C15: =G15+K15 -> 917828 | D15: =B15/C15-1 -> -1 | G15: =416136+413926+25551+25551 -> 881164 | H15: =F15/G15-1 -> -1 | K15: =18984+17680 -> 36664 | L15: =J15/K15-1 -> -1
A16: November | C16: 830952 | D16: =B16/C16-1 -> -1 | G16: 792693 | H16: =F16/G16-1 -> -1 | K16: 38259 | L16: =J16/K16-1 -> -1
A17: December | C17: 854020 | D17: =B17/C17-1 -> -1 | G17: 798690 | H17: =F17/G17-1 -> -1 | K17: 55330 | L17: =J17/K17-1 -> -1
A19: Source: San Jose Mineta International Airport

Sheet High Low stats
C1: DATA TO BE COMPILED AT A LATER DATE
A3: Highest and lowest travel months in ranking of busiest to slowest airports
A5: 1 | C5: Los Angeles-LAX | F5: Highest traveled month:
H6: (out of 10 airports)
A9: 2 | C9: San Francisco-SFO
F10: Lowest traveled month:
H11: (out of 10 airports)
A13: 3 | C13: San Diego-SAN
A17: 4 | C17: Oakland-OAK
A21: 5 | C21: Sacramento-SMF
A25: 6 | C25: San Jose-SJC
A29: 7 | C29: Orange County- SNA
A33: 8 | C33: Ontario-ONT
A37: 9 | C37: Burbank- Bob Hope
A41: 10 | C41: Long Beach-LGB
