Workbook
Name cur_scenario: #REF!
Name model_columns: #REF!
Name model_data: #REF!
Name model_rows: #REF!
Name scn_columns: #REF!
Name scn_data: #REF!
Name scn_rows: #REF!

Sheet Summary
B1: Forecast summary: Annual
B3: Room demand | O3: Room demand
B4: Daily levels | O4: Daily levels
C6: 2019 | D6: 2020 | E6: 2021 | F6: 2022 | G6: 2023 | H6: 2024 | I6: 2025 | J6: 2026 | K6: 2027 | L6: 2028 | M6: 2029 | P6: 2019 | Q6: 2020 | R6: 2021 | S6: 2022 | T6: 2023 | U6: 2024 | V6: 2025 | W6: 2026 | X6: 2027 | Y6: 2028 | Z6: 2029
B8: California | C8: 407202.73 | D8: 250110.57 | E8: 328241.41 | F8: 377315.35 | G8: 380050.73 | H8: =California!D$16 -> 382616.85 | I8: =California!D$17 -> 385856.03 | J8: =California!D$18 -> 394474.17 | K8: =California!D$19 -> 397557.67 | L8: =California!D$20 -> 404532.89 | M8: =California!D$21 -> 411595.72 | O8: California | P8: 0.030125753 | Q8: -0.38578366 | R8: 0.3123852 | S8: 0.14950565 | T8: 0.0072495898 | U8: =(H8-G8)/G8 -> 0.0067520347 | V8: =(I8-H8)/H8 -> 0.0084658471 | W8: =(J8-I8)/I8 -> 0.022335118 | X8: =(K8-J8)/J8 -> 0.0078167411 | Y8: =(L8-K8)/K8 -> 0.017545173 | Z8: =(M8-L8)/L8 -> 0.017459236
B9: Gateway Regions* | C9: =C17+C19+C21+C22 -> 278551.11 | D9: =D17+D19+D21+D22 -> 150621.69 | E9: =E17+E19+E21+E22 -> 202174.57 | F9: =F17+F19+F21+F22 -> 249151.45 | G9: =G17+G19+G21+G22 -> 255187.68 | H9: =H17+H19+H21+H22 -> 258085.3 | I9: =I17+I19+I21+I22 -> 259775.85 | J9: =J17+J19+J21+J22 -> 265739.92 | ... M9: =M17+M19+M21+M22 -> 276952.68 | O9: Gateway Regions* | P9: 0.026331096 | Q9: -0.4592673 | R9: 0.34226726 | S9: 0.23235803 | T9: 0.024227116 | U9: 0.011354878 | V9: 0.0065503707 | W9: 0.022958487 | X9: 0.005526547 | Y9: 0.018207276 | Z9: 0.017932661
B10: All Other Regions** | C10: =C11+C12+C13+C14+C15+C16+C18+C20 -> 128813.27 | D10: =D11+D12+D13+D14+D15+D16+D18+D20 -> 100517.39 | E10: =E11+E12+E13+E14+E15+E16+E18+E20 -> 126919.3 | F10: =F11+F12+F13+F14+F15+F16+F18+F20 -> 128193.78 | G10: =G11+G12+G13+G14+G15+G16+G18+G20 -> 124863.06 | H10: =H11+H12+H13+H14+H15+H16+H18+H20 -> 124531.55 | I10: =I11+I12+I13+I14+I15+I16+I18+I20 -> 126080.17 | J10: =J11+J12+J13+J14+J15+J16+J18+J20 -> 128734.25 | ... M10: =M11+M12+M13+M14+M15+M16+M18+M20 -> 134643.04 | O10: All Other Regions** | P10: 0.038438711 | Q10: -0.22667994 | R10: 0.26714509 | S10: 0.01663452 | T10: -0.025754832 | U10: -0.0026549816 | V10: 0.012435574 | W10: 0.021050728 | X10: 0.012544278 | Y10: 0.0161879 | Z10: 0.016486814
B11: Central Coast | C11: 29638.341 | D11: 20579.836 | E11: 27288.446 | F11: 29334.692 | G11: 28532.373 | H11: ='Central Coast'!D$16 -> 28777.815 | I11: ='Central Coast'!D$17 -> 29172.896 | J11: ='Central Coast'!D$18 -> 30020.423 | K11: ='Central Coast'!D$19 -> 30369.884 | L11: ='Central Coast'!D$20 -> 30826.424 | M11: ='Central Coast'!D$21 -> 31329 | O11: Central Coast | P11: 0.026024669 | Q11: -0.3056347 | R11: 0.32597978 | S11: 0.074985812 | T11: -0.027350534 | U11: =(H11-G11)/G11 -> 0.0086022545 | V11: =(I11-H11)/H11 -> 0.013728665 | W11: =(J11-I11)/I11 -> 0.02905184 | X11: =(K11-J11)/J11 -> 0.011640788 | Y11: =(L11-K11)/K11 -> 0.015032658 | Z11: =(M11-L11)/L11 -> 0.016303409
B12: Central Valley | C12: 26961.308 | D12: 23780.102 | E12: 28412.853 | F12: 26770.812 | G12: 25929.042 | H12: ='Central Valley'!D$16 -> 25640.868 | I12: ='Central Valley'!D$17 -> 25922.216 | J12: ='Central Valley'!D$18 -> 26488.492 | K12: ='Central Valley'!D$19 -> 26831.821 | L12: ='Central Valley'!D$20 -> 27203.242 | M12: ='Central Valley'!D$21 -> 27630.594 | O12: Central Valley | P12: 0.030524362 | Q12: -0.11799153 | R12: 0.19481631 | S12: -0.057792192 | T12: -0.031443586 | U12: =(H12-G12)/G12 -> -0.011113929 | V12: =(I12-H12)/H12 -> 0.010972634 | W12: =(J12-I12)/I12 -> 0.02184518 | X12: =(K12-J12)/J12 -> 0.012961459 | Y12: =(L12-K12)/K12 -> 0.013842544 | Z12: =(M12-L12)/L12 -> 0.015709612
B13: Deserts | C13: 16246.356 | D13: 11375.421 | E13: 15566.877 | F13: 17101.899 | G13: 16917.991 | H13: =Deserts!D$16 -> 16346.015 | I13: =Deserts!D$17 -> 16460.402 | J13: =Deserts!D$18 -> 16673.724 | K13: =Deserts!D$19 -> 16922.332 | L13: =Deserts!D$20 -> 17219.019 | M13: =Deserts!D$21 -> 17520.174 | O13: Deserts | P13: 0.056580751 | Q13: -0.29981708 | R13: 0.36846605 | S13: 0.098608205 | T13: -0.010753674 | U13: =(H13-G13)/G13 -> -0.033808766 | V13: =(I13-H13)/H13 -> 0.006997858 | W13: =(J13-I13)/I13 -> 0.012959711 | X13: =(K13-J13)/J13 -> 0.01491019 | Y13: =(L13-K13)/K13 -> 0.017532252 | Z13: =(M13-L13)/L13 -> 0.01748971
B14: Gold Country | C14: 15895.852 | D14: 11571.522 | E14: 14421.156 | F14: 14452.211 | G14: 14275.499 | H14: ='Gold Country'!D$16 -> 14524.607 | I14: ='Gold Country'!D$17 -> 14895.065 | J14: ='Gold Country'!D$18 -> 15139.371 | K14: ='Gold Country'!D$19 -> 15353.854 | L14: ='Gold Country'!D$20 -> 15661.09 | M14: ='Gold Country'!D$21 -> 15947.992 | O14: Gold Country | P14: 0.0089426656 | Q14: -0.27204141 | R14: 0.2462627 | S14: 0.0021534094 | T14: -0.012227276 | U14: =(H14-G14)/G14 -> 0.017450035 | V14: =(I14-H14)/H14 -> 0.025505542 | W14: =(J14-I14)/I14 -> 0.016401812 | X14: =(K14-J14)/J14 -> 0.014167184 | Y14: =(L14-K14)/K14 -> 0.020010393 | Z14: =(M14-L14)/L14 -> 0.018319386
B15: High Sierra | C15: 9468.0859 | D15: 6870.3804 | E15: 8833.3595 | F15: 9463.9479 | G15: 9456.7973 | H15: ='High Siera'!D$16 -> 9294.3205 | I15: ='High Siera'!D$17 -> 9340.0887 | J15: ='High Siera'!D$18 -> 9528.8999 | K15: ='High Siera'!D$19 -> 9654.634 | L15: ='High Siera'!D$20 -> 9825.2237 | M15: ='High Siera'!D$21 -> 9995.0872 | O15: High Sierra | P15: 0.049273042 | Q15: -0.27436439 | R15: 0.28571622 | S15: 0.071387158 | T15: -0.00075556063 | U15: =(H15-G15)/G15 -> -0.017180954 | V15: =(I15-H15)/H15 -> 0.0049243196 | W15: =(J15-I15)/I15 -> 0.020215142 | X15: =(K15-J15)/J15 -> 0.013195026 | Y15: =(L15-K15)/K15 -> 0.017669208 | Z15: =(M15-L15)/L15 -> 0.017288505
B16: Inland Empire | C16: 18612.485 | D16: 16408.932 | E16: 20288.768 | F16: 20245.917 | G16: 19812.318 | H16: ='Inland Empire'!D$16 -> 19738.098 | I16: ='Inland Empire'!D$17 -> 20078.818 | J16: ='Inland Empire'!D$18 -> 20368.256 | K16: ='Inland Empire'!D$19 -> 20586.589 | L16: ='Inland Empire'!D$20 -> 20934.087 | M16: ='Inland Empire'!D$21 -> 21272.004 | O16: Inland Empire | P16: 0.035766359 | Q16: -0.11839114 | R16: 0.23644657 | S16: -0.0021120484 | T16: -0.021416616 | U16: =(H16-G16)/G16 -> -0.0037461423 | V16: =(I16-H16)/H16 -> 0.017262061 | W16: =(J16-I16)/I16 -> 0.014415076 | X16: =(K16-J16)/J16 -> 0.010719276 | Y16: =(L16-K16)/K16 -> 0.016879849 | Z16: =(M16-L16)/L16 -> 0.016141938
B17: Los Angeles County | C17: 87207.572 | D17: 51275.353 | E17: 68984.612 | F17: 79696.971 | G17: 81973.005 | H17: ='Los Angeles'!D$16 -> 82423.294 | I17: ='Los Angeles'!D$17 -> 81538.616 | J17: ='Los Angeles'!D$18 -> 83006.606 | K17: ='Los Angeles'!D$19 -> 84048.171 | L17: ='Los Angeles'!D$20 -> 85845.597 | M17: ='Los Angeles'!D$21 -> 87177.592 | O17: Los Angeles County | P17: 0.054841205 | Q17: -0.41203096 | R17: 0.34537568 | S17: 0.1552862 | T17: 0.028558604 | U17: =(H17-G17)/G17 -> 0.0054931346 | V17: =(I17-H17)/H17 -> -0.01073334 | W17: =(J17-I17)/I17 -> 0.018003613 | X17: =(K17-J17)/J17 -> 0.01254798 | Y17: =(L17-K17)/K17 -> 0.021385666 | Z17: =(M17-L17)/L17 -> 0.015516166
B18: North Coast | C18: 5500.7115 | D18: 4604.5585 | E18: 5625.4588 | F18: 5108.5746 | G18: 4668.8343 | H18: ='North Coast'!D$16 -> 4781.5462 | I18: ='North Coast'!D$17 -> 4735.5694 | J18: ='North Coast'!D$18 -> 4870.7898 | K18: ='North Coast'!D$19 -> 4940.2592 | L18: ='North Coast'!D$20 -> 5016.9844 | M18: ='North Coast'!D$21 -> 5093.6287 | O18: North Coast | P18: -0.41709083 | Q18: -0.16291583 | R18: 0.22171515 | S18: -0.091883032 | T18: -0.086078868 | U18: =(H18-G18)/G18 -> 0.024141333 | V18: =(I18-H18)/H18 -> -0.0096154675 | W18: =(J18-I18)/I18 -> 0.028554196 | X18: =(K18-J18)/J18 -> 0.014262459 | Y18: =(L18-K18)/K18 -> 0.015530611 | Z18: =(M18-L18)/L18 -> 0.015276966
B19: Orange County | C19: 45141.361 | D19: 22478.54 | E19: 32935.692 | F19: 42427.598 | G19: 43160.169 | H19: ='Orange County'!D$16 -> 43783.753 | I19: ='Orange County'!D$17 -> 44152.017 | J19: ='Orange County'!D$18 -> 45177.352 | K19: ='Orange County'!D$19 -> 45540.1 | L19: ='Orange County'!D$20 -> 46387.796 | M19: ='Orange County'!D$21 -> 47167.381 | O19: Orange County | P19: 0.0057624373 | Q19: -0.50204116 | R19: 0.46520604 | S19: 0.28819513 | T19: 0.017266373 | U19: =(H19-G19)/G19 -> 0.014448151 | V19: =(I19-H19)/H19 -> 0.0084109541 | W19: =(J19-I19)/I19 -> 0.023222842 | X19: =(K19-J19)/J19 -> 0.0080294204 | Y19: =(L19-K19)/K19 -> 0.018614278 | Z19: =(M19-L19)/L19 -> 0.016805834
B20: Shasta Cascade | C20: 6490.1336 | D20: 5326.6412 | E20: 6482.3765 | F20: 5715.7258 | G20: 5270.2037 | H20: ='Shasta Cascade'!D$16 -> 5428.2785 | I20: ='Shasta Cascade'!D$17 -> 5475.1143 | J20: ='Shasta Cascade'!D$18 -> 5644.2945 | K20: ='Shasta Cascade'!D$19 -> 5689.7547 | L20: ='Shasta Cascade'!D$20 -> 5773.1359 | M20: ='Shasta Cascade'!D$21 -> 5854.5564 | O20: Shasta Cascade | P20: 0.07741681 | Q20: -0.17927095 | R20: 0.21697263 | S20: -0.11826692 | T20: -0.077946722 | U20: =(H20-G20)/G20 -> 0.029994058 | V20: =(I20-H20)/H20 -> 0.0086281061 | W20: =(J20-I20)/I20 -> 0.030899849 | X20: =(K20-J20)/J20 -> 0.0080541999 | Y20: =(L20-K20)/K20 -> 0.014654615 | Z20: =(M20-L20)/L20 -> 0.014103333
B21: San Diego County | C21: 49513.619 | D21: 29067.178 | E21: 39283.235 | F21: 46413.875 | G21: 47100.934 | H21: ='San Diego'!D$16 -> 47852.061 | I21: ='San Diego'!D$17 -> 47768.684 | J21: ='San Diego'!D$18 -> 49355.858 | K21: ='San Diego'!D$19 -> 49905.229 | L21: ='San Diego'!D$20 -> 50749.998 | M21: ='San Diego'!D$21 -> 51961.816 | O21: San Diego County | P21: 0.019415838 | Q21: -0.41294579 | R21: 0.35146368 | S21: 0.18151865 | T21: 0.01480288 | U21: =(H21-G21)/G21 -> 0.015947173 | V21: =(I21-H21)/H21 -> -0.0017423968 | W21: =(J21-I21)/I21 -> 0.033226242 | X21: =(K21-J21)/J21 -> 0.011130826 | Y21: =(L21-K21)/K21 -> 0.016927454 | Z21: =(M21-L21)/L21 -> 0.023878188
B22: San Francisco Bay Area | C22: 96688.561 | D22: 47800.624 | E22: 60971.03 | F22: 80613.011 | G22: 82953.568 | H22: ='San Francisco Bay Area'!D$16 -> 84026.193 | I22: ='San Francisco Bay Area'!D$17 -> 86316.538 | J22: ='San Francisco Bay Area'!D$18 -> 88200.1 | K22: ='San Francisco Bay Area'!D$19 -> 87715.039 | L22: ='San Francisco Bay Area'!D$20 -> 89090.288 | M22: ='San Francisco Bay Area'!D$21 -> 90645.895 | O22: San Francisco Bay Area | P22: 0.014807116 | Q22: -0.50562275 | R22: 0.27552791 | S22: 0.32215267 | T22: 0.029034485 | U22: =(H22-G22)/G22 -> 0.012930423 | V22: =(I22-H22)/H22 -> 0.027257521 | W22: =(J22-I22)/I22 -> 0.021821561 | X22: =(K22-J22)/J22 -> -0.0054995461 | Y22: =(L22-K22)/K22 -> 0.015678598 | Z22: =(M22-L22)/L22 -> 0.017461015
B24: Occupancy | O24: Occupancy
B25: Levels | O25: Growth
C27: 2019 | D27: 2020 | E27: 2021 | F27: 2022 | G27: 2023 | H27: 2024 | I27: 2025 | J27: 2026 | K27: 2027 | L27: 2028 | M27: 2029 | P27: 2019 | Q27: 2020 | R27: 2021 | S27: 2022 | T27: 2023 | U27: 2024 | V27: 2025 | W27: 2026 | X27: 2027 | Y27: 2028 | Z27: 2029
B29: California | C29: 0.75209223 | D29: 0.49071508 | E29: 0.6080379 | F29: 0.67389986 | G29: 0.67101193 | H29: =California!E$16 -> 0.67078661 | I29: =California!E$17 -> 0.67324806 | J29: =California!E$18 -> 0.68673588 | K29: =California!E$19 -> 0.6848903 | L29: =California!E$20 -> 0.68499258 | M29: =California!E$21 -> 0.69152085 | O29: California | P29: -0.0036554738 | Q29: -0.34753337 | R29: 0.23908541 | S29: 0.10831884 | T29: -0.0042853925 | U29: =(H29-G29)/G29 -> -0.00033579941 | V29: =(I29-H29)/H29 -> 0.0036695032 | W29: =(J29-I29)/I29 -> 0.020033947 | X29: =(K29-J29)/J29 -> -0.0026874644 | Y29: =(L29-K29)/K29 -> 0.00014934443 | Z29: =(M29-L29)/L29 -> 0.0095304221
B30: Gateway Regions* | C30: 0.7865315 | D30: 0.46693687 | E30: 0.58466231 | F30: 0.68646897 | G30: 0.69363882 | H30: 0.69899557 | I30: 0.70286563 | J30: 0.72137297 | K30: 0.72005159 | L30: 0.72386454 | M30: 0.73249581 | O30: Gateway Regions* | P30: -0.0038851649 | Q30: -0.40633417 | R30: 0.25212281 | S30: 0.174129 | T30: 0.010444534 | U30: 0.0077226783 | V30: 0.0055365907 | W30: 0.02633127 | X30: -0.0018317608 | Y30: 0.0052953845 | Z30: 0.011923883
B31: All Other Regions** | C31: 0.68696507 | D31: 0.53170784 | E31: 0.64969538 | F31: 0.65073727 | G31: 0.62907293 | H31: 0.61901433 | I31: 0.61946497 | J31: 0.6248074 | K31: 0.62256974 | L31: 0.61694258 | M31: 0.62016313 | O31: All Other Regions** | P31: -0.0021981655 | Q31: -0.22600455 | R31: 0.22190295 | S31: 0.0016036623 | T31: -0.033291995 | U31: -0.015989554 | V31: 0.00072799963 | W31: 0.0086242651 | X31: -0.003581364 | Y31: -0.0090386034 | Z31: 0.0052201747
B32: Central Coast | C32: 0.71270854 | D32: 0.4921306 | E32: 0.6445341 | F32: 0.68931032 | G32: 0.66595762 | H32: ='Central Coast'!E$16 -> 0.66836813 | I32: ='Central Coast'!E$17 -> 0.6720317 | J32: ='Central Coast'!E$18 -> 0.68159106 | K32: ='Central Coast'!E$19 -> 0.68045177 | L32: ='Central Coast'!E$20 -> 0.67930785 | M32: ='Central Coast'!E$21 -> 0.68582872 | O32: Central Coast | P32: -0.011490102 | Q32: -0.30949248 | R32: 0.309681 | S32: 0.069470679 | T32: -0.03387835 | U32: =(H32-G32)/G32 -> 0.0036196134 | V32: =(I32-H32)/H32 -> 0.0054813678 | W32: =(J32-I32)/I32 -> 0.014224559 | X32: =(K32-J32)/J32 -> -0.0016715056 | Y32: =(L32-K32)/K32 -> -0.00168113 | Z32: =(M32-L32)/L32 -> 0.009599294
B33: Central Valley | C33: 0.67808709 | D33: 0.57955603 | E33: 0.67731762 | F33: 0.63519224 | G33: 0.61700308 | H33: ='Central Valley'!E$16 -> 0.59680701 | I33: ='Central Valley'!E$17 -> 0.6019172 | J33: ='Central Valley'!E$18 -> 0.60390983 | K33: ='Central Valley'!E$19 -> 0.59768519 | L33: ='Central Valley'!E$20 -> 0.57803745 | M33: ='Central Valley'!E$21 -> 0.5829069 | O33: Central Valley | P33: 0.0018784069 | Q33: -0.14530737 | R33: 0.16868358 | S33: -0.062194423 | T33: -0.028635682 | U33: =(H33-G33)/G33 -> -0.032732521 | V33: =(I33-H33)/H33 -> 0.0085625431 | W33: =(J33-I33)/I33 -> 0.0033104761 | X33: =(K33-J33)/J33 -> -0.010307245 | Y33: =(L33-K33)/K33 -> -0.032873054 | Z33: =(M33-L33)/L33 -> 0.0084241189
B34: Deserts | C34: 0.61544667 | D34: 0.47609848 | E34: 0.56905668 | F34: 0.61546773 | G34: 0.60701477 | H34: =Deserts!E$16 -> 0.58322731 | I34: =Deserts!E$17 -> 0.58226717 | J34: =Deserts!E$18 -> 0.58285977 | K34: =Deserts!E$19 -> 0.58471257 | L34: =Deserts!E$20 -> 0.58844366 | M34: =Deserts!E$21 -> 0.59530824 | O34: Deserts | P34: -0.0049751879 | Q34: -0.22641797 | R34: 0.19524994 | S34: 0.081557871 | T34: -0.013734215 | U34: =(H34-G34)/G34 -> -0.039187604 | V34: =(I34-H34)/H34 -> -0.0016462572 | W34: =(J34-I34)/I34 -> 0.0010177514 | X34: =(K34-J34)/J34 -> 0.0031788066 | Y34: =(L34-K34)/K34 -> 0.0063810663 | Z34: =(M34-L34)/L34 -> 0.011665645
B35: Gold Country | C35: 0.76156913 | D35: 0.54540201 | E35: 0.67183993 | F35: 0.66302148 | G35: 0.64640899 | H35: ='Gold Country'!E$16 -> 0.65193431 | I35: ='Gold Country'!E$17 -> 0.65724397 | J35: ='Gold Country'!E$18 -> 0.66112837 | K35: ='Gold Country'!E$19 -> 0.66006851 | L35: ='Gold Country'!E$20 -> 0.64684377 | M35: ='Gold Country'!E$21 -> 0.65020012 | O35: Gold Country | P35: 0.013695939 | Q35: -0.28384438 | R35: 0.23182517 | S35: -0.013125819 | T35: -0.025055728 | U35: =(H35-G35)/G35 -> 0.0085477101 | V35: =(I35-H35)/H35 -> 0.0081444804 | W35: =(J35-I35)/I35 -> 0.0059101344 | X35: =(K35-J35)/J35 -> -0.0016031063 | Y35: =(L35-K35)/K35 -> -0.020035406 | Z35: =(M35-L35)/L35 -> 0.0051887975
B36: High Sierra | C36: 0.63103395 | D36: 0.47785917 | E36: 0.57669984 | F36: 0.60128325 | G36: 0.59112799 | H36: ='High Siera'!E$16 -> 0.58369189 | I36: ='High Siera'!E$17 -> 0.58898586 | J36: ='High Siera'!E$18 -> 0.59874644 | K36: ='High Siera'!E$19 -> 0.60056663 | L36: ='High Siera'!E$20 -> 0.60619033 | M36: ='High Siera'!E$21 -> 0.61513273 | O36: High Sierra | P36: 0.0042190297 | Q36: -0.2427362 | R36: 0.20684059 | S36: 0.042627751 | T36: -0.016889313 | U36: =(H36-G36)/G36 -> -0.012579517 | V36: =(I36-H36)/H36 -> 0.0090698074 | W36: =(J36-I36)/I36 -> 0.016571841 | X36: =(K36-J36)/J36 -> 0.0030399923 | Y36: =(L36-K36)/K36 -> 0.0093639916 | Z36: =(M36-L36)/L36 -> 0.014751816
B37: Inland Empire | C37: 0.71436511 | D37: 0.59986774 | E37: 0.72700272 | F37: 0.70103186 | G37: 0.6716996 | H37: ='Inland Empire'!E$16 -> 0.64844588 | I37: ='Inland Empire'!E$17 -> 0.63696109 | J37: ='Inland Empire'!E$18 -> 0.63577454 | K37: ='Inland Empire'!E$19 -> 0.62910462 | L37: ='Inland Empire'!E$20 -> 0.62442438 | M37: ='Inland Empire'!E$21 -> 0.61625299 | O37: Inland Empire | P37: -0.010285002 | Q37: -0.16027851 | R37: 0.21193835 | S37: -0.035723195 | T37: -0.041841543 | U37: =(H37-G37)/G37 -> -0.034619233 | V37: =(I37-H37)/H37 -> -0.017711247 | W37: =(J37-I37)/I37 -> -0.0018628284 | X37: =(K37-J37)/J37 -> -0.010491014 | Y37: =(L37-K37)/K37 -> -0.0074395304 | Z37: =(M37-L37)/L37 -> -0.013086267
B38: Los Angeles County | C38: 0.79195076 | D38: 0.4939707 | E38: 0.63792685 | F38: 0.70605667 | G38: 0.71689907 | H38: ='Los Angeles'!E$16 -> 0.7217188 | I38: ='Los Angeles'!E$17 -> 0.71968275 | J38: ='Los Angeles'!E$18 -> 0.73743337 | K38: ='Los Angeles'!E$19 -> 0.73951922 | L38: ='Los Angeles'!E$20 -> 0.74207606 | M38: ='Los Angeles'!E$21 -> 0.74984103 | O38: Los Angeles County | P38: -0.0064619419 | Q38: -0.37626084 | R38: 0.29142649 | S38: 0.1067988 | T38: 0.015356267 | U38: =(H38-G38)/G38 -> 0.0067230214 | V38: =(I38-H38)/H38 -> -0.0028211039 | W38: =(J38-I38)/I38 -> 0.024664503 | X38: =(K38-J38)/J38 -> 0.0028285306 | Y38: =(L38-K38)/K38 -> 0.0034574361 | Z38: =(M38-L38)/L38 -> 0.010463847
B39: North Coast | C39: 0.6568079 | D39: 0.56770473 | E39: 0.67695052 | F39: 0.59764556 | G39: 0.54369206 | H39: ='North Coast'!E$16 -> 0.55088524 | I39: ='North Coast'!E$17 -> 0.5452218 | J39: ='North Coast'!E$18 -> 0.57188471 | K39: ='North Coast'!E$19 -> 0.57709937 | L39: ='North Coast'!E$20 -> 0.58299744 | M39: ='North Coast'!E$21 -> 0.58875806 | O39: North Coast | P39: 0.0010754253 | Q39: -0.13566093 | R39: 0.19243417 | S39: -0.11715031 | T39: -0.090276741 | U39: =(H39-G39)/G39 -> 0.013230242 | V39: =(I39-H39)/H39 -> -0.010280621 | W39: =(J39-I39)/I39 -> 0.048902874 | X39: =(K39-J39)/J39 -> 0.0091183788 | Y39: =(L39-K39)/K39 -> 0.010220184 | Z39: =(M39-L39)/L39 -> 0.0098810384
B40: Orange County | C40: 0.77452795 | D40: 0.44544449 | E40: 0.57930214 | F40: 0.70660747 | G40: 0.71691207 | H40: ='Orange County'!E$16 -> 0.71785079 | I40: ='Orange County'!E$17 -> 0.72782548 | J40: ='Orange County'!E$18 -> 0.75040345 | K40: ='Orange County'!E$19 -> 0.75469466 | L40: ='Orange County'!E$20 -> 0.75974875 | M40: ='Orange County'!E$21 -> 0.76343524 | O40: Orange County | P40: -0.0013473249 | Q40: -0.42488261 | R40: 0.30050354 | S40: 0.21975637 | T40: 0.014583199 | U40: =(H40-G40)/G40 -> 0.0013093878 | V40: =(I40-H40)/H40 -> 0.01389522 | W40: =(J40-I40)/I40 -> 0.031021129 | X40: =(K40-J40)/J40 -> 0.0057185406 | Y40: =(L40-K40)/K40 -> 0.0066968648 | Z40: =(M40-L40)/L40 -> 0.0048522544
B41: Shasta Cascade | C41: 0.70351845 | D41: 0.57211118 | E41: 0.68981021 | F41: 0.60182428 | G41: 0.54995142 | H41: ='Shasta Cascade'!E$16 -> 0.55341655 | I41: ='Shasta Cascade'!E$17 -> 0.54446695 | J41: ='Shasta Cascade'!E$18 -> 0.55569348 | K41: ='Shasta Cascade'!E$19 -> 0.55317675 | L41: ='Shasta Cascade'!E$20 -> 0.55247873 | M41: ='Shasta Cascade'!E$21 -> 0.54969837 | O41: Shasta Cascade | P41: 0.051985791 | Q41: -0.18678581 | R41: 0.20572755 | S41: -0.12755093 | T41: -0.086192696 | U41: =(H41-G41)/G41 -> 0.0063007942 | V41: =(I41-H41)/H41 -> -0.016171552 | W41: =(J41-I41)/I41 -> 0.020619312 | X41: =(K41-J41)/J41 -> -0.0045289998 | Y41: =(L41-K41)/K41 -> -0.0012618258 | Z41: =(M41-L41)/L41 -> -0.0050325303
B42: San Diego County | C42: 0.78314491 | D42: 0.48791445 | E42: 0.61557434 | F42: 0.72572802 | G42: 0.73554049 | H42: ='San Diego'!E$16 -> 0.74454643 | I42: ='San Diego'!E$17 -> 0.72439538 | J42: ='San Diego'!E$18 -> 0.7360618 | K42: ='San Diego'!E$19 -> 0.73803187 | L42: ='San Diego'!E$20 -> 0.74099072 | M42: ='San Diego'!E$21 -> 0.75566159 | O42: San Diego County | P42: -0.007544588 | Q42: -0.37698062 | R42: 0.26164399 | S42: 0.17894457 | T42: 0.013520857 | U42: =(H42-G42)/G42 -> 0.012243977 | V42: =(I42-H42)/H42 -> -0.027064867 | W42: =(J42-I42)/I42 -> 0.016105053 | X42: =(K42-J42)/J42 -> 0.0026764919 | Y42: =(L42-K42)/K42 -> 0.0040091128 | Z42: =(M42-L42)/L42 -> 0.019798992
B43: San Francisco Bay Area | C43: 0.7891183 | D43: 0.43961031 | E43: 0.52117003 | F43: 0.63942422 | G43: 0.64148698 | H43: ='San Francisco Bay Area'!E$16 -> 0.64757077 | I43: ='San Francisco Bay Area'!E$17 -> 0.66555235 | J43: ='San Francisco Bay Area'!E$18 -> 0.68605531 | K43: ='San Francisco Bay Area'!E$19 -> 0.67742946 | L43: ='San Francisco Bay Area'!E$20 -> 0.68198632 | M43: ='San Francisco Bay Area'!E$21 -> 0.69044228 | O43: San Francisco Bay Area | P43: -0.0012846862 | Q43: -0.44290949 | R43: 0.18552731 | S43: 0.22690136 | T43: 0.0032259633 | U43: =(H43-G43)/G43 -> 0.0094838867 | V43: =(I43-H43)/H43 -> 0.027767751 | W43: =(J43-I43)/I43 -> 0.030805932 | X43: =(K43-J43)/J43 -> -0.01257312 | Y43: =(L43-K43)/K43 -> 0.0067266978 | Z43: =(M43-L43)/L43 -> 0.01239902
B45: Room revenue | O45: Room revenue
B46: Levels | O46: Growth
C48: 2019 | D48: 2020 | E48: 2021 | F48: 2022 | G48: 2023 | H48: 2024 | I48: 2025 | J48: 2026 | K48: 2027 | L48: 2028 | M48: 2029 | P48: 2019 | Q48: 2020 | R48: 2021 | S48: 2022 | T48: 2023 | U48: 2024 | V48: 2025 | W48: 2026 | X48: 2027 | Y48: 2028 | Z48: 2029
B50: California | C50: 2.4965538e+10 | D50: 1.1977245e+10 | E50: 1.8497851e+10 | F50: 2.56401e+10 | G50: 2.6684445e+10 | H50: =California!H$16 -> 2.631031e+10 | I50: =California!H$17 -> 2.6850095e+10 | J50: =California!H$18 -> 2.8245982e+10 | K50: =California!H$19 -> 2.8753891e+10 | L50: =California!H$20 -> 2.9734163e+10 | M50: =California!H$21 -> 3.0800903e+10 | O50: California | P50: 0.029295271 | Q50: -0.52024889 | R50: 0.54441624 | S50: 0.38611238 | T50: 0.040730913 | U50: =(H50-G50)/G50 -> -0.014020706 | V50: =(I50-H50)/H50 -> 0.020516073 | W50: =(J50-I50)/I50 -> 0.05198817 | X50: =(K50-J50)/J50 -> 0.017981637 | Y50: =(L50-K50)/K50 -> 0.034091825 | Z50: =(M50-L50)/L50 -> 0.035875883
B51: Gateway Regions* | C51: =C59+C61+C63+C64 -> 1.8896874e+10 | D51: =D59+D61+D63+D64 -> 7.7147061e+09 | E51: =E59+E61+E63+E64 -> 1.1797105e+10 | F51: =F59+F61+F63+F64 -> 1.8001072e+10 | G51: =G59+G61+G63+G64 -> 1.9224104e+10 | H51: =H59+H61+H63+H64 -> 1.8877024e+10 | I51: =I59+I61+I63+I64 -> 1.9281949e+10 | J51: =J59+J61+J63+J64 -> 2.0385331e+10 | ... M51: =M59+M61+M63+M64 -> 2.2207178e+10 | O51: Gateway Regions* | P51: 0.024628538 | Q51: -0.59174698 | R51: 0.52917106 | S51: 0.52588891 | T51: 0.067942152 | U51: -0.018054399 | V51: 0.021450655 | W51: 0.057223592 | X51: 0.015661447 | Y51: 0.0344863 | Z51: 0.036816504
B52: All Other Regions** | C52: =C53+C54+C55+C56+C57+C58+C60+C62 -> 6.0693135e+09 | D52: =D53+D54+D55+D56+D57+D58+D60+D62 -> 4.2633418e+09 | E52: =E53+E54+E55+E56+E57+E58+E60+E62 -> 6.6985795e+09 | F52: =F53+F54+F55+F56+F57+F58+F60+F62 -> 7.6396028e+09 | G52: =G53+G54+G55+G56+G57+G58+G60+G62 -> 7.4590047e+09 | H52: =H53+H54+H55+H56+H57+H58+H60+H62 -> 7.4332863e+09 | I52: =I53+I54+I55+I56+I57+I58+I60+I62 -> 7.568146e+09 | J52: =J53+J54+J55+J56+J57+J58+J60+J62 -> 7.860651e+09 | ... M52: =M53+M54+M55+M56+M57+M58+M60+M62 -> 8.5937246e+09 | O52: All Other Regions** | P52: 0.044102941 | Q52: -0.29761497 | R52: 0.57200828 | S52: 0.14002657 | T52: -0.023391309 | U52: -0.0036265254 | V52: 0.018142678 | W52: 0.038649481 | X52: 0.023998676 | Y52: 0.033077148 | Z52: 0.033453094
B53: Central Coast | C53: 1.9331121e+09 | D53: 1.2303552e+09 | E53: 2.1697434e+09 | F53: 2.4738279e+09 | G53: 2.314106e+09 | H53: ='Central Coast'!H$16 -> 2.3691343e+09 | I53: ='Central Coast'!H$17 -> 2.4199604e+09 | J53: ='Central Coast'!H$18 -> 2.5613157e+09 | K53: ='Central Coast'!H$19 -> 2.6208169e+09 | L53: ='Central Coast'!H$20 -> 2.7057572e+09 | M53: ='Central Coast'!H$21 -> 2.797713e+09 | O53: Central Coast | P53: 0.026924016 | Q53: -0.36353655 | R53: 0.7635098 | S53: 0.14014765 | T53: -0.06456468 | U53: =(H53-G53)/G53 -> 0.023779512 | V53: =(I53-H53)/H53 -> 0.021453459 | W53: =(J53-I53)/I53 -> 0.058412238 | X53: =(K53-J53)/J53 -> 0.023230737 | Y53: =(L53-K53)/K53 -> 0.032409851 | Z53: =(M53-L53)/L53 -> 0.033985216
B54: Central Valley | C54: 9.211883e+08 | D54: 7.8255185e+08 | E54: 1.0942169e+09 | F54: 1.1479267e+09 | G54: 1.1438761e+09 | H54: ='Central Valley'!H$16 -> 1.1247084e+09 | I54: ='Central Valley'!H$17 -> 1.1244525e+09 | J54: ='Central Valley'!H$18 -> 1.1558738e+09 | K54: ='Central Valley'!H$19 -> 1.1816551e+09 | L54: ='Central Valley'!H$20 -> 1.2169375e+09 | M54: ='Central Valley'!H$21 -> 1.2564922e+09 | O54: Central Valley | P54: 0.028552284 | Q54: -0.15049741 | R54: 0.39826765 | S54: 0.049085097 | T54: -0.0035286445 | U54: =(H54-G54)/G54 -> -0.016756717 | V54: =(I54-H54)/H54 -> -0.00022759435 | W54: =(J54-I54)/I54 -> 0.027943631 | X54: =(K54-J54)/J54 -> 0.022304662 | Y54: =(L54-K54)/K54 -> 0.029858448 | Z54: =(M54-L54)/L54 -> 0.032503437
B55: Deserts | C55: 7.9679308e+08 | D55: 4.9198262e+08 | E55: 8.1652107e+08 | F55: 1.0878636e+09 | G55: 1.1130237e+09 | H55: =Deserts!H$16 -> 1.0646613e+09 | I55: =Deserts!H$17 -> 1.0896572e+09 | J55: =Deserts!H$18 -> 1.1292132e+09 | K55: =Deserts!H$19 -> 1.1595415e+09 | L55: =Deserts!H$20 -> 1.2001402e+09 | M55: =Deserts!H$21 -> 1.2426348e+09 | O55: Deserts | P55: 0.042082787 | Q55: -0.38254657 | R55: 0.65965431 | S55: 0.33231542 | T55: 0.023127945 | U55: =(H55-G55)/G55 -> -0.043451347 | V55: =(I55-H55)/H55 -> 0.023477788 | W55: =(J55-I55)/I55 -> 0.03630134 | X55: =(K55-J55)/J55 -> 0.026857889 | Y55: =(L55-K55)/K55 -> 0.03501275 | Z55: =(M55-L55)/L55 -> 0.03540804
B56: Gold Country | C56: 6.9463137e+08 | D56: 4.3022756e+08 | E56: 6.2219005e+08 | F56: 7.2895294e+08 | G56: 7.5704757e+08 | H56: ='Gold Country'!H$16 -> 7.6307765e+08 | I56: ='Gold Country'!H$17 -> 7.9178572e+08 | J56: ='Gold Country'!H$18 -> 8.080685e+08 | K56: ='Gold Country'!H$19 -> 8.3115149e+08 | L56: ='Gold Country'!H$20 -> 8.6202334e+08 | M56: ='Gold Country'!H$21 -> 8.9144871e+08 | O56: Gold Country | P56: 0.01228294 | Q56: -0.38063903 | R56: 0.44618828 | S56: 0.17159209 | T56: 0.038541073 | U56: =(H56-G56)/G56 -> 0.0079652567 | V56: =(I56-H56)/H56 -> 0.037621424 | W56: =(J56-I56)/I56 -> 0.02056464 | X56: =(K56-J56)/J56 -> 0.028565635 | Y56: =(L56-K56)/K56 -> 0.037143467 | Z56: =(M56-L56)/L56 -> 0.034135228
B57: High Sierra | C57: 5.2696078e+08 | D57: 3.6045887e+08 | E57: 5.4676859e+08 | F57: 6.6030618e+08 | G57: 6.5995007e+08 | H57: ='High Siera'!H$16 -> 6.809986e+08 | I57: ='High Siera'!H$17 -> 7.0539135e+08 | J57: ='High Siera'!H$18 -> 7.279752e+08 | K57: ='High Siera'!H$19 -> 7.4781657e+08 | L57: ='High Siera'!H$20 -> 7.7524289e+08 | M57: ='High Siera'!H$21 -> 8.0233292e+08 | O57: High Sierra | P57: 0.053218485 | Q57: -0.31596642 | R57: 0.5168682 | S57: 0.207652 | T57: -0.00053931819 | U57: =(H57-G57)/G57 -> 0.031894128 | V57: =(I57-H57)/H57 -> 0.035819091 | W57: =(J57-I57)/I57 -> 0.032016058 | X57: =(K57-J57)/J57 -> 0.027255558 | Y57: =(L57-K57)/K57 -> 0.03667519 | Z57: =(M57-L57)/L57 -> 0.034943932
B58: Inland Empire | C58: 6.9748534e+08 | D58: 5.8036972e+08 | E58: 8.6820606e+08 | F58: 9.6433428e+08 | G58: 9.457292e+08 | H58: ='Inland Empire'!H$16 -> 9.0835755e+08 | I58: ='Inland Empire'!H$17 -> 9.0909998e+08 | J58: ='Inland Empire'!H$18 -> 9.3133834e+08 | K58: ='Inland Empire'!H$19 -> 9.4934181e+08 | L58: ='Inland Empire'!H$20 -> 9.7938978e+08 | M58: ='Inland Empire'!H$21 -> 1.0100535e+09 | O58: Inland Empire | P58: 0.038218097 | Q58: -0.16791123 | R58: 0.49595341 | S58: 0.11072052 | T58: -0.019293188 | U58: =(H58-G58)/G58 -> -0.039516231 | V58: =(I58-H58)/H58 -> 0.0008173378 | W58: =(J58-I58)/I58 -> 0.024461951 | X58: =(K58-J58)/J58 -> 0.019330749 | Y58: =(L58-K58)/K58 -> 0.031651373 | Z58: =(M58-L58)/L58 -> 0.031308964
B59: Los Angeles County | C59: 5.6404934e+09 | D59: 2.5769492e+09 | E59: 4.0607305e+09 | F59: 5.7391879e+09 | G59: 6.0893317e+09 | H59: ='Los Angeles'!H$16 -> 5.8289762e+09 | I59: ='Los Angeles'!H$17 -> 5.7933994e+09 | J59: ='Los Angeles'!H$18 -> 6.0983814e+09 | K59: ='Los Angeles'!H$19 -> 6.3994839e+09 | L59: ='Los Angeles'!H$20 -> 6.5579e+09 | M59: ='Los Angeles'!H$21 -> 6.7681795e+09 | O59: Los Angeles County | P59: 0.037004095 | Q59: -0.54313407 | R59: 0.57578989 | S59: 0.41333877 | T59: 0.061009292 | U59: =(H59-G59)/G59 -> -0.042755996 | V59: =(I59-H59)/H59 -> -0.0061034457 | W59: =(J59-I59)/I59 -> 0.052643004 | X59: =(K59-J59)/J59 -> 0.049374173 | Y59: =(L59-K59)/K59 -> 0.024754509 | Z59: =(M59-L59)/L59 -> 0.032065076
B60: North Coast | C60: 2.6950645e+08 | D60: 2.002573e+08 | E60: 3.1402032e+08 | F60: 3.2719529e+08 | G60: 2.9832503e+08 | H60: ='North Coast'!H$16 -> 2.9227287e+08 | I60: ='North Coast'!H$17 -> 2.9518166e+08 | J60: ='North Coast'!H$18 -> 3.0540305e+08 | K60: ='North Coast'!H$19 -> 3.1313828e+08 | L60: ='North Coast'!H$20 -> 3.2328739e+08 | M60: ='North Coast'!H$21 -> 3.330771e+08 | O60: North Coast | P60: -0.28955345 | Q60: -0.25694805 | R60: 0.56808427 | S60: 0.041955783 | T60: -0.088235564 | U60: =(H60-G60)/G60 -> -0.020287128 | V60: =(I60-H60)/H60 -> 0.0099523055 | W60: =(J60-I60)/I60 -> 0.03462748 | X60: =(K60-J60)/J60 -> 0.025327934 | Y60: =(L60-K60)/K60 -> 0.032410941 | Z60: =(M60-L60)/L60 -> 0.030281761
B61: Orange County | C61: 2.6681668e+09 | D61: 1.1160707e+09 | E61: 2.020245e+09 | F61: 3.1266786e+09 | G61: 3.3125779e+09 | H61: ='Orange County'!H$16 -> 3.3299129e+09 | I61: ='Orange County'!H$17 -> 3.3895627e+09 | J61: ='Orange County'!H$18 -> 3.5536204e+09 | K61: ='Orange County'!H$19 -> 3.6328439e+09 | L61: ='Orange County'!H$20 -> 3.7818446e+09 | M61: ='Orange County'!H$21 -> 3.9032862e+09 | O61: Orange County | P61: 0.0066470755 | Q61: -0.58170879 | R61: 0.81014071 | S61: 0.54767294 | T61: 0.059455855 | U61: =(H61-G61)/G61 -> 0.0052330864 | V61: =(I61-H61)/H61 -> 0.01791332 | W61: =(J61-I61)/I61 -> 0.048400824 | X61: =(K61-J61)/J61 -> 0.022293757 | Y61: =(L61-K61)/K61 -> 0.041014897 | Z61: =(M61-L61)/L61 -> 0.032111729
B62: Shasta Cascade | C62: 2.2963608e+08 | D62: 1.8713872e+08 | E62: 2.6691309e+08 | F62: 2.49196e+08 | G62: 2.2694713e+08 | H62: ='Shasta Cascade'!H$16 -> 2.3007566e+08 | I62: ='Shasta Cascade'!H$17 -> 2.326173e+08 | J62: ='Shasta Cascade'!H$18 -> 2.4146322e+08 | K62: ='Shasta Cascade'!H$19 -> 2.4583447e+08 | L62: ='Shasta Cascade'!H$20 -> 2.5276558e+08 | M62: ='Shasta Cascade'!H$21 -> 2.5997245e+08 | O62: Shasta Cascade | P62: 0.085952709 | Q62: -0.18506395 | R62: 0.42628466 | S62: -0.066377755 | T62: -0.089282606 | U62: =(H62-G62)/G62 -> 0.013785272 | V62: =(I62-H62)/H62 -> 0.01104698 | W62: =(J62-I62)/I62 -> 0.038027785 | X62: =(K62-J62)/J62 -> 0.018103166 | Y62: =(L62-K62)/K62 -> 0.028194221 | Z62: =(M62-L62)/L62 -> 0.02851208
B63: San Diego County | C63: 3.0136257e+09 | D63: 1.3858797e+09 | E63: 2.3653817e+09 | F63: 3.4614757e+09 | G63: 3.6114304e+09 | H63: ='San Diego'!H$16 -> 3.7124925e+09 | I63: ='San Diego'!H$17 -> 3.7010979e+09 | J63: ='San Diego'!H$18 -> 3.8771082e+09 | K63: ='San Diego'!H$19 -> 3.9977127e+09 | L63: ='San Diego'!H$20 -> 4.1520683e+09 | M63: ='San Diego'!H$21 -> 4.3070592e+09 | O63: San Diego County | P63: 0.021431072 | Q63: -0.54012878 | R63: 0.70677267 | S63: 0.46338994 | T63: 0.043321019 | U63: =(H63-G63)/G63 -> 0.027983953 | V63: =(I63-H63)/H63 -> -0.0030692434 | W63: =(J63-I63)/I63 -> 0.047556229 | X63: =(K63-J63)/J63 -> 0.031106821 | Y63: =(L63-K63)/K63 -> 0.038610964 | Z63: =(M63-L63)/L63 -> 0.037328613
B64: San Francisco Bay Area | C64: 7.5745886e+09 | D64: 2.6358064e+09 | E64: 3.350748e+09 | F64: 5.6737299e+09 | G64: 6.2107637e+09 | H64: ='San Francisco Bay Area'!H$16 -> 6.0056423e+09 | I64: ='San Francisco Bay Area'!H$17 -> 6.3978885e+09 | J64: ='San Francisco Bay Area'!H$18 -> 6.856221e+09 | K64: ='San Francisco Bay Area'!H$19 -> 6.6745542e+09 | L64: ='San Francisco Bay Area'!H$20 -> 6.9268067e+09 | M64: ='San Francisco Bay Area'!H$21 -> 7.2286533e+09 | O64: San Francisco Bay Area | P64: 0.023248079 | Q64: -0.65201986 | R64: 0.27124209 | S64: 0.69327262 | T64: 0.094652688 | U64: =(H64-G64)/G64 -> -0.033026746 | V64: =(I64-H64)/H64 -> 0.065312932 | W64: =(J64-I64)/I64 -> 0.071638092 | X64: =(K64-J64)/J64 -> -0.02649664 | Y64: =(L64-K64)/K64 -> 0.037793164 | Z64: =(M64-L64)/L64 -> 0.043576591
B66: Source: CoStar; Tourism Economics
B68: *Gateway Regions: Los Angeles, Orange County, San Diego, San Francisco Bay Area
B69: *Other Regions: Central Coast, Central Valley, Deserts, Gold Country, High Sierra, Inland Empire, North Coast, Shasta Cascade

Sheet California
B1: Forecast summary: Annual, CALIFORNIA
K2: Prior forecast | R2: Current compared to prior (difference)
C3: Hotel supply (daily) | D3: Hotel room demand (daily) | E3: Occupancy | F3: ADR | G3: RevPAR | H3: Room revenue | K3: Hotel supply (daily) | L3: Hotel room demand (daily) | M3: Occupancy | N3: ADR | O3: RevPAR | P3: Room revenue | R3: Hotel supply (daily) | S3: Hotel room demand (daily) | T3: Occupancy | U3: ADR | V3: RevPAR | W3: Room revenue
B4: Levels | J4: Levels
C5: 500567.83 | D5: 265841.45 | E5: =D5/C5 -> 0.53107976 | F5: 0 | G5: =(H5/365)/C5 -> 0 | H5: =D5*F5*365 -> 0 | K5: 500567.83 | L5: 265841.45 | M5: 0.53107976 | N5: 0 | O5: 0 | P5: 0
C6: 503981.75 | D6: 366114.23 | E6: =D6/C6 -> 0.72644342 | F6: 140.09928 | G6: =(H6/365)/C6 -> 101.7742 | H6: =D6*F6*365 -> 1.8721704e+10 | K6: 503981.75 | L6: 366114.23 | M6: 0.72644342 | N6: 140.09928 | O6: 101.7742 | P6: 1.8721704e+10
C7: 506140.92 | D7: 378148.77 | E7: =D7/C7 -> 0.74712151 | F7: 149.80811 | G7: =(H7/365)/C7 -> 111.92486 | H7: =D7*F7*365 -> 2.0677159e+10 | K7: 506140.92 | L7: 378148.77 | M7: 0.74712151 | N7: 149.80811 | O7: 111.92486 | P7: 2.0677159e+10
C8: 509332.33 | D8: 383821.87 | E8: =D8/C8 -> 0.75357846 | F8: 158.35168 | G8: =(H8/365)/C8 -> 119.33042 | H8: =D8*F8*365 -> 2.2184276e+10 | K8: 509332.33 | L8: 383821.87 | M8: 0.75357846 | N8: 158.35168 | O8: 119.33042 | P8: 2.2184276e+10
C9: 515094.58 | D9: 388202.97 | E9: =D9/C9 -> 0.75365376 | F9: 161.7953 | G9: =(H9/365)/C9 -> 121.93764 | H9: =D9*F9*365 -> 2.2925437e+10 | K9: 515094.58 | L9: 388202.97 | M9: 0.75365376 | N9: 161.7953 | O9: 121.93764 | P9: 2.2925437e+10
C10: 523671.42 | D10: 395294.19 | E10: =D10/C10 -> 0.75485157 | F10: 168.10772 | G10: =(H10/365)/C10 -> 126.89638 | H10: =D10*F10*365 -> 2.4254982e+10 | K10: 523671.42 | L10: 395294.19 | M10: 0.75485157 | N10: 168.10772 | O10: 126.89638 | P10: 2.4254982e+10
B11: 2019 | C11: 541426.58 | D11: 407202.73 | E11: 0.75209223 | F11: 167.97219 | G11: 126.33058 | H11: 2.4965538e+10 | J11: 2019 | K11: 541426.58 | L11: 407202.73 | M11: 0.75209223 | N11: 167.97219 | O11: 126.33058 | P11: 2.4965538e+10
B12: 2020 | C12: 509685.92 | D12: 250110.57 | E12: 0.49071508 | F12: 131.19945 | G12: 64.381549 | H12: 1.1977245e+10 | J12: 2020 | K12: 509685.92 | L12: 250110.57 | M12: 0.49071508 | N12: 131.19945 | O12: 64.381549 | P12: 1.1977245e+10
B13: 2021 | C13: 539837.08 | D13: 328241.41 | E13: 0.6080379 | F13: 154.39565 | G13: 93.878405 | H13: 1.8497851e+10 | J13: 2021 | K13: 539837.08 | L13: 328241.41 | M13: 0.6080379 | N13: 154.39565 | O13: 93.878405 | P13: 1.8497851e+10
B14: 2022 | C14: 559898.25 | D14: 377315.35 | E14: 0.67389986 | F14: 186.17544 | G14: 125.4636 | H14: 2.56401e+10 | J14: 2022 | K14: 559898.25 | L14: 377315.35 | M14: 0.67389986 | N14: 186.17544 | O14: 125.4636 | P14: 2.56401e+10
B15: 2023 | C15: 566384.46 | D15: 380050.73 | E15: =D15/C15 -> 0.67101193 | F15: 192.36397 | G15: =(H15/365)/C15 -> 129.07852 | H15: =D15*F15*365 -> 2.6684445e+10 | J15: 2023 | K15: 566384.46 | L15: 380050.73 | M15: 0.67101193 | N15: 192.36397 | O15: 129.07852 | P15: 2.6684445e+10
B16: 2024 | C16: 570400.25 | D16: 382616.85 | E16: =D16/C16 -> 0.67078661 | F16: 188.39484 | G16: =(H16/365)/C16 -> 126.37274 | H16: =D16*F16*365 -> 2.631031e+10 | J16: 2024 | K16: 570400.25 | L16: 382616.85 | M16: 0.67078661 | N16: 188.39484 | O16: 126.37274 | P16: 2.631031e+10
B17: 2025 | C17: 573126.08 | D17: 385856.03 | E17: =D17/C17 -> 0.67324806 | F17: 190.64599 | G17: =(H17/365)/C17 -> 128.35204 | H17: =D17*F17*365 -> 2.6850095e+10 | J17: 2025 | K17: 573126.08 | L17: 385856.03 | M17: 0.67324806 | N17: 190.64599 | O17: 128.35204 | P17: 2.6850095e+10 | R17: =C17-K17 -> 0 | S17: =D17-L17 -> 0 | T17: =E17-M17 -> 0 | U17: =F17-N17 -> 0 | V17: =G17-O17 -> 0 | W17: =H17-P17 -> 0
B18: 2026 | C18: 574419.04 | D18: 394474.17 | E18: =D18/C18 -> 0.68673588 | F18: 196.17572 | G18: =(H18/365)/C18 -> 134.7209 | H18: =D18*F18*365 -> 2.8245982e+10 | J18: 2026 | K18: 579437.74 | L18: 390640.23 | M18: 0.67417118 | N18: 194.93196 | O18: 131.41751 | P18: 2.7794117e+10 | R18: =C18-K18 -> -5018.7 | S18: =D18-L18 -> 3833.9401 | T18: =E18-M18 -> 0.0125647 | U18: =F18-N18 -> 1.2437536 | V18: =G18-O18 -> 3.3033918 | W18: =H18-P18 -> 4.5186493e+08
B19: 2027 | C19: 580469.12 | D19: 397557.67 | E19: =D19/C19 -> 0.6848903 | F19: 198.15435 | G19: =(H19/365)/C19 -> 135.714 | H19: =D19*F19*365 -> 2.8753891e+10 | J19: 2027 | K19: 586413.74 | L19: 396059.24 | M19: 0.67539216 | N19: 196.50663 | O19: 132.71904 | P19: 2.8407318e+10 | R19: =C19-K19 -> -5944.625 | S19: =D19-L19 -> 1498.4253 | T19: =E19-M19 -> 0.0094981425 | U19: =F19-N19 -> 1.6477209 | V19: =G19-O19 -> 2.9949561 | W19: =H19-P19 -> 3.4657283e+08
B20: 2028 | C20: 590565.35 | D20: 404532.89 | E20: =D20/C20 -> 0.68499258 | F20: 201.37661 | G20: =(H20/365)/C20 -> 137.94149 | H20: =D20*F20*365 -> 2.9734163e+10 | J20: 2028 | K20: 591572.66 | L20: 403123.47 | M20: 0.68144372 | N20: 200.57133 | O20: 136.67807 | P20: 2.951208e+10 | R20: =C20-K20 -> -1007.3102 | S20: =D20-L20 -> 1409.4114 | T20: =E20-M20 -> 0.0035488649 | U20: =F20-N20 -> 0.8052786 | V20: =G20-O20 -> 1.2634104 | W20: =H20-P20 -> 2.2208396e+08
B21: 2029 | C21: 595203.63 | D21: 411595.72 | E21: =D21/C21 -> 0.69152085 | F21: 205.02165 | G21: =(H21/365)/C21 -> 141.77675 | H21: =D21*F21*365 -> 3.0800903e+10 | J21: 2029 | K21: 596217.33 | L21: 409921.38 | M21: 0.68753684 | N21: 204.04316 | O21: 140.28719 | P21: 3.0529204e+10 | R21: =C21-K21 -> -1013.6966 | S21: =D21-L21 -> 1674.3455 | T21: =E21-M21 -> 0.0039840133 | U21: =F21-N21 -> 0.97849017 | V21: =G21-O21 -> 1.489557 | W21: =H21-P21 -> 2.7169911e+08
B23: Growth | J23: Growth
C24: =C6/C5-1 -> 0.006820088 | D24: =D6/D5-1 -> 0.37719017 | E24: =E6/E5-1 -> 0.36786124 | F24: =F6/F5-1 -> #DIV/0! | G24: =G6/G5-1 -> #DIV/0! | H24: =H6/H5-1 -> #DIV/0!
C25: =C7/C6-1 -> 0.004284216 | D25: =D7/D6-1 -> 0.032870997 | E25: =E7/E6-1 -> 0.028464832 | F25: =F7/F6-1 -> 0.069299623 | G25: =G7/G6-1 -> 0.099737057 | H25: =H7/H6-1 -> 0.10444857
C26: =C8/C7-1 -> 0.0063053916 | D26: =D8/D7-1 -> 0.015002313 | E26: =E8/E7-1 -> 0.0086424277 | F26: =F8/F7-1 -> 0.057030136 | G26: =G8/G7-1 -> 0.066165443 | H26: =H8/H7-1 -> 0.072888033
C27: =C9/C8-1 -> 0.01131334 | D27: =D9/D8-1 -> 0.011414398 | E27: =E9/E8-1 -> 9.9927514e-05 | F27: =F9/F8-1 -> 0.021746636 | G27: =G9/G8-1 -> 0.021848737 | H27: =H9/H8-1 -> 0.033409259
C28: =C10/C9-1 -> 0.016650987 | D28: =D10/D9-1 -> 0.018266786 | E28: =E10/E9-1 -> 0.0015893348 | F28: =F10/F9-1 -> 0.039014858 | G28: =G10/G9-1 -> 0.040666201 | H28: =H10/H9-1 -> 0.05799432
B29: =B11 -> 2019 | C29: =C11/C10-1 -> 0.033905167 | D29: =D11/D10-1 -> 0.030125753 | E29: =E11/E10-1 -> -0.0036554738 | F29: =F11/F10-1 -> -0.00080619484 | G29: =G11/G10-1 -> -0.0044587216 | H29: =H11/H10-1 -> 0.029295271 | J29: 2019 | K29: =K11/K10-1 -> 0.033905167 | L29: =L11/L10-1 -> 0.030125753 | M29: =M11/M10-1 -> -0.0036554738 | N29: =N11/N10-1 -> -0.00080619484 | O29: =O11/O10-1 -> -0.0044587216 | P29: =P11/P10-1 -> 0.029295271 | R29: =C29-K29 -> 0 | S29: =D29-L29 -> 0 | T29: =E29-M29 -> 0 | U29: =F29-N29 -> 0 | V29: =G29-O29 -> 0 | W29: =H29-P29 -> 0
B30: =B12 -> 2020 | C30: =C12/C11-1 -> -0.058624138 | D30: =D12/D11-1 -> -0.38578366 | E30: =E12/E11-1 -> -0.34753337 | F30: =F12/F11-1 -> -0.21892161 | G30: =G12/G11-1 -> -0.49037241 | H30: =H12/H11-1 -> -0.52024889 | J30: 2020 | K30: =K12/K11-1 -> -0.058624138 | L30: =L12/L11-1 -> -0.38578366 | M30: =M12/M11-1 -> -0.34753337 | N30: =N12/N11-1 -> -0.21892161 | O30: =O12/O11-1 -> -0.49037241 | P30: =P12/P11-1 -> -0.52024889 | R30: =C30-K30 -> 0 | S30: =D30-L30 -> 0 | T30: =E30-M30 -> 0 | U30: =F30-N30 -> 0 | V30: =G30-O30 -> 0 | W30: =H30-P30 -> 0
B31: =B13 -> 2021 | C31: =C13/C12-1 -> 0.059156366 | D31: =D13/D12-1 -> 0.3123852 | E31: =E13/E12-1 -> 0.23908541 | F31: =F13/F12-1 -> 0.17680102 | G31: =G13/G12-1 -> 0.45815698 | H31: =H13/H12-1 -> 0.54441624 | J31: 2021 | K31: =K13/K12-1 -> 0.059156366 | L31: =L13/L12-1 -> 0.3123852 | M31: =M13/M12-1 -> 0.23908541 | N31: =N13/N12-1 -> 0.17680102 | O31: =O13/O12-1 -> 0.45815698 | P31: =P13/P12-1 -> 0.54441624 | R31: =C31-K31 -> 0 | S31: =D31-L31 -> 0 | T31: =E31-M31 -> 0 | U31: =F31-N31 -> 0 | V31: =G31-O31 -> 0 | W31: =H31-P31 -> 0
B32: =B14 -> 2022 | C32: =C14/C13-1 -> 0.03716152 | D32: =D14/D13-1 -> 0.14950565 | E32: =E14/E13-1 -> 0.10831884 | F32: =F14/F13-1 -> 0.20583346 | G32: =G14/G13-1 -> 0.33644794 | H32: =H14/H13-1 -> 0.38611238 | J32: 2022 | K32: =K14/K13-1 -> 0.03716152 | L32: =L14/L13-1 -> 0.14950565 | M32: =M14/M13-1 -> 0.10831884 | N32: =N14/N13-1 -> 0.20583346 | O32: =O14/O13-1 -> 0.33644794 | P32: =P14/P13-1 -> 0.38611238 | R32: =C32-K32 -> 0 | S32: =D32-L32 -> 0 | T32: =E32-M32 -> 0 | U32: =F32-N32 -> 0 | V32: =G32-O32 -> 0 | W32: =H32-P32 -> 0
B33: 2023 | C33: =C15/C14-1 -> 0.011584627 | D33: =D15/D14-1 -> 0.0072495898 | E33: =E15/E14-1 -> -0.0042853925 | F33: =F15/F14-1 -> 0.033240345 | G33: =G15/G14-1 -> 0.028812504 | H33: =H15/H14-1 -> 0.040730913 | J33: 2023 | K33: =K15/K14-1 -> 0.011584627 | L33: =L15/L14-1 -> 0.0072495898 | M33: =M15/M14-1 -> -0.0042853925 | N33: =N15/N14-1 -> 0.033240345 | O33: =O15/O14-1 -> 0.028812504 | P33: =P15/P14-1 -> 0.040730913 | R33: =C33-K33 -> 0 | S33: =D33-L33 -> 0 | T33: =E33-M33 -> 0 | U33: =F33-N33 -> 0 | V33: =G33-O33 -> 0 | W33: =H33-P33 -> 0
B34: 2024 | C34: =C16/C15-1 -> 0.007090215 | D34: =D16/D15-1 -> 0.0067520347 | E34: =E16/E15-1 -> -0.00033579941 | F34: =F16/F15-1 -> -0.020633423 | G34: =G16/G15-1 -> -0.020962294 | H34: =H16/H15-1 -> -0.014020706 | J34: 2024 | K34: =K16/K15-1 -> 0.007090215 | L34: =L16/L15-1 -> 0.0067520347 | M34: =M16/M15-1 -> -0.00033579941 | N34: =N16/N15-1 -> -0.020633423 | O34: =O16/O15-1 -> -0.020962294 | P34: =P16/P15-1 -> -0.014020706 | R34: =C34-K34 -> 0 | S34: =D34-L34 -> 0 | T34: =E34-M34 -> 0 | U34: =F34-N34 -> 0 | V34: =G34-O34 -> 0 | W34: =H34-P34 -> 0
B35: 2025 | C35: =C17/C16-1 -> 0.0047788081 | D35: =D17/D16-1 -> 0.0084658471 | E35: =E17/E16-1 -> 0.0036695032 | F35: =F17/F16-1 -> 0.011949067 | G35: =G17/G16-1 -> 0.015662417 | H35: =H17/H16-1 -> 0.020516073 | J35: 2025 | K35: =K17/K16-1 -> 0.0047788081 | L35: =L17/L16-1 -> 0.0084658471 | M35: =M17/M16-1 -> 0.0036695032 | N35: =N17/N16-1 -> 0.011949067 | O35: =O17/O16-1 -> 0.015662417 | P35: =P17/P16-1 -> 0.020516073 | R35: =C35-K35 -> 0 | S35: =D35-L35 -> 0 | T35: =E35-M35 -> 0 | U35: =F35-N35 -> 0 | V35: =G35-O35 -> 0 | W35: =H35-P35 -> 0
B36: 2026 | C36: =C18/C17-1 -> 0.0022559754 | D36: =D18/D17-1 -> 0.022335118 | E36: =E18/E17-1 -> 0.020033947 | F36: =F18/F17-1 -> 0.029005217 | G36: =G18/G17-1 -> 0.049620252 | H36: =H18/H17-1 -> 0.05198817 | J36: 2026 | K36: =K18/K17-1 -> 0.011012687 | L36: =L18/L17-1 -> 0.012398925 | M36: =M18/M17-1 -> 0.0013711376 | N36: =N18/N17-1 -> 0.022481326 | O36: =O18/O17-1 -> 0.023883289 | P36: =P18/P17-1 -> 0.035158995 | R36: =C36-K36 -> -0.0087567119 | S36: =D36-L36 -> 0.0099361934 | T36: =E36-M36 -> 0.018662809 | U36: =F36-N36 -> 0.0065238907 | V36: =G36-O36 -> 0.025736964 | W36: =H36-P36 -> 0.016829175
B37: 2027 | C37: =C19/C18-1 -> 0.010532511 | D37: =D19/D18-1 -> 0.0078167411 | E37: =E19/E18-1 -> -0.0026874644 | F37: =F19/F18-1 -> 0.010086056 | G37: =G19/G18-1 -> 0.0073714852 | H37: =H19/H18-1 -> 0.017981637 | J37: 2027 | K37: =K19/K18-1 -> 0.012039257 | L37: =L19/L18-1 -> 0.013872143 | M37: =M19/M18-1 -> 0.001811082 | N37: =N19/N18-1 -> 0.0080780587 | O37: =O19/O18-1 -> 0.0099037708 | P37: =P19/P18-1 -> 0.022062262 | R37: =C37-K37 -> -0.001506746 | S37: =D37-L37 -> -0.0060554023 | T37: =E37-M37 -> -0.0044985464 | U37: =F37-N37 -> 0.0020079968 | V37: =G37-O37 -> -0.0025322856 | W37: =H37-P37 -> -0.0040806254
B38: 2028 | C38: =C20/C19-1 -> 0.017393231 | D38: =D20/D19-1 -> 0.017545173 | E38: =E20/E19-1 -> 0.00014934443 | F38: =F20/F19-1 -> 0.016261344 | G38: =G20/G19-1 -> 0.016413117 | H38: =H20/H19-1 -> 0.034091825 | J38: 2028 | K38: =K20/K19-1 -> 0.0087974044 | L38: =L20/L19-1 -> 0.017836302 | M38: =M20/M19-1 -> 0.0089600718 | N38: =N20/N19-1 -> 0.02068479 | O38: =O20/O19-1 -> 0.029830199 | P38: =P20/P19-1 -> 0.038890031 | R38: =C38-K38 -> 0.008595827 | S38: =D38-L38 -> -0.00029112815 | T38: =E38-M38 -> -0.0088107274 | U38: =F38-N38 -> -0.0044234459 | V38: =G38-O38 -> -0.013417082 | W38: =H38-P38 -> -0.0047982061
B39: 2029 | C39: =C21/C20-1 -> 0.0078539627 | D39: =D21/D20-1 -> 0.017459236 | E39: =E21/E20-1 -> 0.0095304221 | F39: =F21/F20-1 -> 0.018100623 | G39: =G21/G20-1 -> 0.027803552 | H39: =H21/H20-1 -> 0.035875883 | J39: 2029 | K39: =K21/K20-1 -> 0.0078513849 | L39: =L21/L20-1 -> 0.016863075 | M39: =M21/M20-1 -> 0.0089414868 | N39: =N21/N20-1 -> 0.017309705 | O39: =O21/O20-1 -> 0.026405966 | P39: =P21/P20-1 -> 0.034464675 | R39: =C39-K39 -> 2.5778146e-06 | S39: =D39-L39 -> 0.00059616169 | T39: =E39-M39 -> 0.00058893535 | U39: =F39-N39 -> 0.00079091822 | V39: =G39-O39 -> 0.0013975857 | W39: =H39-P39 -> 0.0014112081
B41: Source: CoStar; Tourism Economics

Sheet Gateway
B1: ="Forecast summary: Annual, Gateway Regions*" -> Forecast summary: Annual, Gateway Regions*
K2: Prior forecast | R2: Current compared to prior (difference)
C3: Hotel supply (daily) | D3: Hotel room demand (daily) | E3: Occupancy | F3: ADR | G3: RevPAR | H3: Room revenue | K3: Hotel supply (daily) | L3: Hotel room demand (daily) | M3: Occupancy | N3: ADR | O3: RevPAR | P3: Room revenue | R3: Hotel supply (daily) | S3: Hotel room demand (daily) | T3: Occupancy | U3: ADR | V3: RevPAR | W3: Room revenue
B4: Levels | J4: Levels
C5: =SUM('Los Angeles'!C5,'Orange County'!C5,'San Diego'!C5,'San Francisco Bay Area'!C5) -> 325856.59 | D5: =SUM('Los Angeles'!D5,'Orange County'!D5,'San Diego'!D5,'San Francisco Bay Area'!D5) -> 158764.74 | E5: =D5/C5 -> 0.48722273 | F5: =H5/(D5*365) -> #DIV/0! | G5: =(H5/365)/C5 -> #DIV/0! | H5: =SUM('Los Angeles'!H5,'Orange County'!H5,'San Diego'!H5,'San Francisco Bay Area'!H5) -> #DIV/0! | K5: 325856.59 | L5: 158764.74 | M5: 0.48722273 | N5: #DIV/0! | O5: #DIV/0! | P5: #DIV/0!
C6: =SUM('Los Angeles'!C6,'Orange County'!C6,'San Diego'!C6,'San Francisco Bay Area'!C6) -> 328224.25 | D6: =SUM('Los Angeles'!D6,'Orange County'!D6,'San Diego'!D6,'San Francisco Bay Area'!D6) -> 255051.62 | E6: =D6/C6 -> 0.77706514 | F6: =H6/(D6*365) -> 154.30148 | G6: =(H6/365)/C6 -> 119.9023 | H6: =SUM('Los Angeles'!H6,'Orange County'!H6,'San Diego'!H6,'San Francisco Bay Area'!H6) -> 1.4364517e+10 | K6: 328224.25 | L6: 255051.62 | M6: 0.77706514 | N6: 154.30148 | O6: 119.9023 | P6: 1.4364517e+10
C7: =SUM('Los Angeles'!C7,'Orange County'!C7,'San Diego'!C7,'San Francisco Bay Area'!C7) -> 330151.25 | D7: =SUM('Los Angeles'!D7,'Orange County'!D7,'San Diego'!D7,'San Francisco Bay Area'!D7) -> 261461.16 | E7: =D7/C7 -> 0.79194357 | F7: =H7/(D7*365) -> 166.22049 | G7: =(H7/365)/C7 -> 131.63725 | H7: =SUM('Los Angeles'!H7,'Orange County'!H7,'San Diego'!H7,'San Francisco Bay Area'!H7) -> 1.5862974e+10 | K7: 330151.25 | L7: 261461.16 | M7: 0.79194357 | N7: 166.22049 | O7: 131.63725 | P7: 1.5862974e+10
C8: =SUM('Los Angeles'!C8,'Orange County'!C8,'San Diego'!C8,'San Francisco Bay Area'!C8) -> 332995.17 | D8: =SUM('Los Angeles'!D8,'Orange County'!D8,'San Diego'!D8,'San Francisco Bay Area'!D8) -> 264686.39 | E8: =D8/C8 -> 0.79486557 | F8: =H8/(D8*365) -> 175.78716 | G8: =(H8/365)/C8 -> 139.72716 | H8: =SUM('Los Angeles'!H8,'Orange County'!H8,'San Diego'!H8,'San Francisco Bay Area'!H8) -> 1.6982891e+10 | K8: 332995.17 | L8: 264686.39 | M8: 0.79486557 | N8: 175.78716 | O8: 139.72716 | P8: 1.6982891e+10
C9: =SUM('Los Angeles'!C9,'Orange County'!C9,'San Diego'!C9,'San Francisco Bay Area'!C9) -> 337962.75 | D9: =SUM('Los Angeles'!D9,'Orange County'!D9,'San Diego'!D9,'San Francisco Bay Area'!D9) -> 266779.16 | E9: =D9/C9 -> 0.78937444 | F9: =H9/(D9*365) -> 179.09453 | G9: =(H9/365)/C9 -> 141.37265 | H9: =SUM('Los Angeles'!H9,'Orange County'!H9,'San Diego'!H9,'San Francisco Bay Area'!H9) -> 1.7439221e+10 | K9: 337962.75 | L9: 266779.16 | M9: 0.78937444 | N9: 179.09453 | O9: 141.37265 | P9: 1.7439221e+10
C10: =SUM('Los Angeles'!C10,'Orange County'!C10,'San Diego'!C10,'San Francisco Bay Area'!C10) -> 343724.67 | D10: =SUM('Los Angeles'!D10,'Orange County'!D10,'San Diego'!D10,'San Francisco Bay Area'!D10) -> 271404.73 | E10: =D10/C10 -> 0.78959922 | F10: =H10/(D10*365) -> 186.17152 | G10: =(H10/365)/C10 -> 147.00089 | H10: =SUM('Los Angeles'!H10,'Orange County'!H10,'San Diego'!H10,'San Francisco Bay Area'!H10) -> 1.8442659e+10 | K10: 343724.67 | L10: 271404.73 | M10: 0.78959922 | N10: 186.17152 | O10: 147.00089 | P10: 1.8442659e+10
B11: 2019 | C11: =SUM('Los Angeles'!C11,'Orange County'!C11,'San Diego'!C11,'San Francisco Bay Area'!C11) -> 354151.25 | D11: =SUM('Los Angeles'!D11,'Orange County'!D11,'San Diego'!D11,'San Francisco Bay Area'!D11) -> 278551.11 | E11: =D11/C11 -> 0.7865315 | F11: =H11/(D11*365) -> 185.86269 | G11: =(H11/365)/C11 -> 146.18686 | H11: =SUM('Los Angeles'!H11,'Orange County'!H11,'San Diego'!H11,'San Francisco Bay Area'!H11) -> 1.8896874e+10 | J11: 2019 | K11: 354151.25 | L11: 278551.11 | M11: 0.7865315 | N11: 185.86269 | O11: 146.18686 | P11: 1.8896874e+10
B12: 2020 | C12: =SUM('Los Angeles'!C12,'Orange County'!C12,'San Diego'!C12,'San Francisco Bay Area'!C12) -> 322574 | D12: =SUM('Los Angeles'!D12,'Orange County'!D12,'San Diego'!D12,'San Francisco Bay Area'!D12) -> 150621.69 | E12: =D12/C12 -> 0.46693687 | F12: =H12/(D12*365) -> 140.32627 | G12: =(H12/365)/C12 -> 65.523511 | H12: =SUM('Los Angeles'!H12,'Orange County'!H12,'San Diego'!H12,'San Francisco Bay Area'!H12) -> 7.7147061e+09 | J12: 2020 | K12: 322574 | L12: 150621.69 | M12: 0.46693687 | N12: 140.32627 | O12: 65.523511 | P12: 7.7147061e+09
B13: 2021 | C13: =SUM('Los Angeles'!C13,'Orange County'!C13,'San Diego'!C13,'San Francisco Bay Area'!C13) -> 345797.17 | D13: =SUM('Los Angeles'!D13,'Orange County'!D13,'San Diego'!D13,'San Francisco Bay Area'!D13) -> 202174.57 | E13: =D13/C13 -> 0.58466231 | F13: =H13/(D13*365) -> 159.86598 | G13: =(H13/365)/C13 -> 93.467615 | H13: =SUM('Los Angeles'!H13,'Orange County'!H13,'San Diego'!H13,'San Francisco Bay Area'!H13) -> 1.1797105e+10 | J13: 2021 | K13: 345797.17 | L13: 202174.57 | M13: 0.58466231 | N13: 159.86598 | O13: 93.467615 | P13: 1.1797105e+10
B14: 2022 | C14: =SUM('Los Angeles'!C14,'Orange County'!C14,'San Diego'!C14,'San Francisco Bay Area'!C14) -> 362946.42 | D14: =SUM('Los Angeles'!D14,'Orange County'!D14,'San Diego'!D14,'San Francisco Bay Area'!D14) -> 249151.45 | E14: =D14/C14 -> 0.68646897 | F14: =H14/(D14*365) -> 197.94388 | G14: =(H14/365)/C14 -> 135.88233 | H14: =SUM('Los Angeles'!H14,'Orange County'!H14,'San Diego'!H14,'San Francisco Bay Area'!H14) -> 1.8001072e+10 | J14: 2022 | K14: 362946.42 | L14: 249151.45 | M14: 0.68646897 | N14: 197.94388 | O14: 135.88233 | P14: 1.8001072e+10
B15: 2023 | C15: =SUM('Los Angeles'!C15,'Orange County'!C15,'San Diego'!C15,'San Francisco Bay Area'!C15) -> 367897.05 | D15: =SUM('Los Angeles'!D15,'Orange County'!D15,'San Diego'!D15,'San Francisco Bay Area'!D15) -> 255187.68 | E15: =D15/C15 -> 0.69363882 | F15: =H15/(D15*365) -> 206.39232 | G15: =(H15/365)/C15 -> 143.16173 | H15: =SUM('Los Angeles'!H15,'Orange County'!H15,'San Diego'!H15,'San Francisco Bay Area'!H15) -> 1.9224104e+10 | J15: 2023 | K15: 367897.05 | L15: 255187.68 | M15: 0.69363882 | N15: 206.39232 | O15: 143.16173 | P15: 1.9224104e+10
B16: 2024 | C16: =SUM('Los Angeles'!C16,'Orange County'!C16,'San Diego'!C16,'San Francisco Bay Area'!C16) -> 369223.08 | D16: =SUM('Los Angeles'!D16,'Orange County'!D16,'San Diego'!D16,'San Francisco Bay Area'!D16) -> 258085.3 | E16: =D16/C16 -> 0.69899557 | F16: =H16/(D16*365) -> 200.39062 | G16: =(H16/365)/C16 -> 140.07216 | H16: =SUM('Los Angeles'!H16,'Orange County'!H16,'San Diego'!H16,'San Francisco Bay Area'!H16) -> 1.8877024e+10 | J16: 2024 | K16: 369223.08 | L16: 258085.3 | M16: 0.69899557 | N16: 200.39062 | O16: 140.07216 | P16: 1.8877024e+10
B17: 2025 | C17: =SUM('Los Angeles'!C17,'Orange County'!C17,'San Diego'!C17,'San Francisco Bay Area'!C17) -> 369595.33 | D17: =SUM('Los Angeles'!D17,'Orange County'!D17,'San Diego'!D17,'San Francisco Bay Area'!D17) -> 259775.85 | E17: =D17/C17 -> 0.70286563 | F17: =H17/(D17*365) -> 203.35707 | G17: =(H17/365)/C17 -> 142.93269 | H17: =SUM('Los Angeles'!H17,'Orange County'!H17,'San Diego'!H17,'San Francisco Bay Area'!H17) -> 1.9281949e+10 | J17: 2025 | K17: 369595.33 | L17: 259775.85 | M17: 0.70286563 | N17: 203.35707 | O17: 142.93269 | P17: 1.9281949e+10 | R17: =C17-K17 -> 0 | S17: =D17-L17 -> 0 | T17: =E17-M17 -> 0 | U17: =F17-N17 -> 0 | V17: =G17-O17 -> 0 | W17: =H17-P17 -> 0
B18: 2026 | C18: =SUM('Los Angeles'!C18,'Orange County'!C18,'San Diego'!C18,'San Francisco Bay Area'!C18) -> 368380.75 | D18: =SUM('Los Angeles'!D18,'Orange County'!D18,'San Diego'!D18,'San Francisco Bay Area'!D18) -> 265739.92 | E18: =D18/C18 -> 0.72137297 | F18: =H18/(D18*365) -> 210.16873 | G18: =(H18/365)/C18 -> 151.61004 | H18: =SUM('Los Angeles'!H18,'Orange County'!H18,'San Diego'!H18,'San Francisco Bay Area'!H18) -> 2.0385331e+10 | J18: 2026 | K18: 371738.24 | L18: 263144.08 | M18: 0.70787465 | N18: 208.90189 | O18: 147.87635 | P18: 2.0064523e+10 | R18: =C18-K18 -> -3357.4917 | S18: =D18-L18 -> 2595.8383 | T18: =E18-M18 -> 0.013498321 | U18: =F18-N18 -> 1.2668416 | V18: =G18-O18 -> 3.73369 | W18: =H18-P18 -> 3.2080795e+08
B19: 2027 | C19: =SUM('Los Angeles'!C19,'Orange County'!C19,'San Diego'!C19,'San Francisco Bay Area'!C19) -> 371096.38 | D19: =SUM('Los Angeles'!D19,'Orange County'!D19,'San Diego'!D19,'San Francisco Bay Area'!D19) -> 267208.54 | E19: =D19/C19 -> 0.72005159 | F19: =H19/(D19*365) -> 212.28707 | G19: =(H19/365)/C19 -> 152.85764 | H19: =SUM('Los Angeles'!H19,'Orange County'!H19,'San Diego'!H19,'San Francisco Bay Area'!H19) -> 2.0704595e+10 | J19: 2027 | K19: 375567.92 | L19: 266361.36 | M19: 0.70922289 | N19: 210.27865 | O19: 149.13443 | P19: 2.0443689e+10 | R19: =C19-K19 -> -4471.5333 | S19: =D19-L19 -> 847.17684 | T19: =E19-M19 -> 0.010828698 | U19: =F19-N19 -> 2.0084174 | V19: =G19-O19 -> 3.7232081 | W19: =H19-P19 -> 2.6090546e+08
B20: 2028 | C20: =SUM('Los Angeles'!C20,'Orange County'!C20,'San Diego'!C20,'San Francisco Bay Area'!C20) -> 375862.7 | D20: =SUM('Los Angeles'!D20,'Orange County'!D20,'San Diego'!D20,'San Francisco Bay Area'!D20) -> 272073.68 | E20: =D20/C20 -> 0.72386454 | F20: =H20/(D20*365) -> 215.6811 | G20: =(H20/365)/C20 -> 156.1239 | H20: =SUM('Los Angeles'!H20,'Orange County'!H20,'San Diego'!H20,'San Francisco Bay Area'!H20) -> 2.141862e+10 | J20: 2028 | K20: 377950.44 | L20: 271108.39 | M20: 0.71731201 | N20: 214.94526 | O20: 154.18282 | P20: 2.1269814e+10 | R20: =C20-K20 -> -2087.7371 | S20: =D20-L20 -> 965.29258 | T20: =E20-M20 -> 0.0065525296 | U20: =F20-N20 -> 0.73583696 | V20: =G20-O20 -> 1.9410815 | W20: =H20-P20 -> 1.4880573e+08
B21: 2029 | C21: =SUM('Los Angeles'!C21,'Orange County'!C21,'San Diego'!C21,'San Francisco Bay Area'!C21) -> 378094.56 | D21: =SUM('Los Angeles'!D21,'Orange County'!D21,'San Diego'!D21,'San Francisco Bay Area'!D21) -> 276952.68 | E21: =D21/C21 -> 0.73249581 | F21: =H21/(D21*365) -> 219.68223 | G21: =(H21/365)/C21 -> 160.91632 | H21: =SUM('Los Angeles'!H21,'Orange County'!H21,'San Diego'!H21,'San Francisco Bay Area'!H21) -> 2.2207178e+10 | J21: 2029 | K21: 380197.73 | L21: 275776.49 | M21: 0.72535016 | N21: 218.65025 | O21: 158.59799 | P21: 2.2008988e+10 | R21: =C21-K21 -> -2103.1688 | S21: =D21-L21 -> 1176.1987 | T21: =E21-M21 -> 0.007145653 | U21: =F21-N21 -> 1.031982 | V21: =G21-O21 -> 2.3183213 | W21: =H21-P21 -> 1.9819001e+08
B23: Growth | J23: Growth
B29: =B11 -> 2019 | C29: =C11/C10-1 -> 0.030334114 | D29: =D11/D10-1 -> 0.026331096 | E29: =E11/E10-1 -> -0.0038851649 | F29: =F11/F10-1 -> -0.0016588779 | G29: =G11/G10-1 -> -0.0055375977 | H29: =H11/H10-1 -> 0.024628538 | J29: 2019 | K29: =K11/K10-1 -> 0.030334114 | L29: =L11/L10-1 -> 0.026331096 | M29: =M11/M10-1 -> -0.0038851649 | N29: =N11/N10-1 -> -0.0016588779 | O29: =O11/O10-1 -> -0.0055375977 | P29: =P11/P10-1 -> 0.024628538 | R29: =C29-K29 -> 0 | S29: =D29-L29 -> 0 | T29: =E29-M29 -> 0 | U29: =F29-N29 -> 0 | V29: =G29-O29 -> 0 | W29: =H29-P29 -> 0
B30: =B12 -> 2020 | C30: =C12/C11-1 -> -0.089163175 | D30: =D12/D11-1 -> -0.4592673 | E30: =E12/E11-1 -> -0.40633417 | F30: =F12/F11-1 -> -0.24500031 | G30: =G12/G11-1 -> -0.55178248 | H30: =H12/H11-1 -> -0.59174698 | J30: 2020 | K30: =K12/K11-1 -> -0.089163175 | L30: =L12/L11-1 -> -0.4592673 | M30: =M12/M11-1 -> -0.40633417 | N30: =N12/N11-1 -> -0.24500031 | O30: =O12/O11-1 -> -0.55178248 | P30: =P12/P11-1 -> -0.59174698 | R30: =C30-K30 -> 0 | S30: =D30-L30 -> 0 | T30: =E30-M30 -> 0 | U30: =F30-N30 -> 0 | V30: =G30-O30 -> 0 | W30: =H30-P30 -> 0
B31: =B13 -> 2021 | C31: =C13/C12-1 -> 0.0719933 | D31: =D13/D12-1 -> 0.34226726 | E31: =E13/E12-1 -> 0.25212281 | F31: =F13/F12-1 -> 0.13924485 | G31: =G13/G12-1 -> 0.42647446 | H31: =H13/H12-1 -> 0.52917106 | J31: 2021 | K31: =K13/K12-1 -> 0.0719933 | L31: =L13/L12-1 -> 0.34226726 | M31: =M13/M12-1 -> 0.25212281 | N31: =N13/N12-1 -> 0.13924485 | O31: =O13/O12-1 -> 0.42647446 | P31: =P13/P12-1 -> 0.52917106 | R31: =C31-K31 -> 0 | S31: =D31-L31 -> 0 | T31: =E31-M31 -> 0 | U31: =F31-N31 -> 0 | V31: =G31-O31 -> 0 | W31: =H31-P31 -> 0
B32: =B14 -> 2022 | C32: =C14/C13-1 -> 0.049593379 | D32: =D14/D13-1 -> 0.23235803 | E32: =E14/E13-1 -> 0.174129 | F32: =F14/F13-1 -> 0.23818637 | G32: =G14/G13-1 -> 0.45379053 | H32: =H14/H13-1 -> 0.52588891 | J32: 2022 | K32: =K14/K13-1 -> 0.049593379 | L32: =L14/L13-1 -> 0.23235803 | M32: =M14/M13-1 -> 0.174129 | N32: =N14/N13-1 -> 0.23818637 | O32: =O14/O13-1 -> 0.45379053 | P32: =P14/P13-1 -> 0.52588891 | R32: =C32-K32 -> 0 | S32: =D32-L32 -> 0 | T32: =E32-M32 -> 0 | U32: =F32-N32 -> 0 | V32: =G32-O32 -> 0 | W32: =H32-P32 -> 0
B33: 2023 | C33: =C15/C14-1 -> 0.013640117 | D33: =D15/D14-1 -> 0.024227116 | E33: =E15/E14-1 -> 0.010444534 | F33: =F15/F14-1 -> 0.042680998 | G33: =G15/G14-1 -> 0.053571316 | H33: =H15/H14-1 -> 0.067942152 | J33: 2023 | K33: =K15/K14-1 -> 0.013640117 | L33: =L15/L14-1 -> 0.024227116 | M33: =M15/M14-1 -> 0.010444534 | N33: =N15/N14-1 -> 0.042680998 | O33: =O15/O14-1 -> 0.053571316 | P33: =P15/P14-1 -> 0.067942152 | R33: =C33-K33 -> 0 | S33: =D33-L33 -> 0 | T33: =E33-M33 -> 0 | U33: =F33-N33 -> 0 | V33: =G33-O33 -> 0 | W33: =H33-P33 -> 0
B34: 2024 | C34: =C16/C15-1 -> 0.0036043642 | D34: =D16/D15-1 -> 0.011354878 | E34: =E16/E15-1 -> 0.0077226783 | F34: =F16/F15-1 -> -0.029079088 | G34: =G16/G15-1 -> -0.021580978 | H34: =H16/H15-1 -> -0.018054399 | J34: 2024 | K34: =K16/K15-1 -> 0.0036043642 | L34: =L16/L15-1 -> 0.011354878 | M34: =M16/M15-1 -> 0.0077226783 | N34: =N16/N15-1 -> -0.029079088 | O34: =O16/O15-1 -> -0.021580978 | P34: =P16/P15-1 -> -0.018054399 | R34: =C34-K34 -> 0 | S34: =D34-L34 -> 0 | T34: =E34-M34 -> 0 | U34: =F34-N34 -> 0 | V34: =G34-O34 -> 0 | W34: =H34-P34 -> 0
B35: 2025 | C35: =C17/C16-1 -> 0.0010081981 | D35: =D17/D16-1 -> 0.0065503707 | E35: =E17/E16-1 -> 0.0055365907 | F35: =F17/F16-1 -> 0.014803317 | G35: =G17/G16-1 -> 0.020421867 | H35: =H17/H16-1 -> 0.021450655 | J35: 2025 | K35: =K17/K16-1 -> 0.0010081981 | L35: =L17/L16-1 -> 0.0065503707 | M35: =M17/M16-1 -> 0.0055365907 | N35: =N17/N16-1 -> 0.014803317 | O35: =O17/O16-1 -> 0.020421867 | P35: =P17/P16-1 -> 0.021450655 | R35: =C35-K35 -> 0 | S35: =D35-L35 -> 0 | T35: =E35-M35 -> 0 | U35: =F35-N35 -> 0 | V35: =G35-O35 -> 0 | W35: =H35-P35 -> 0
B36: 2026 | C36: =C18/C17-1 -> -0.0032862518 | D36: =D18/D17-1 -> 0.022958487 | E36: =E18/E17-1 -> 0.02633127 | F36: =F18/F17-1 -> 0.033496086 | G36: =G18/G17-1 -> 0.06070935 | H36: =H18/H17-1 -> 0.057223592 | J36: 2026 | K36: =K18/K17-1 -> 0.0057979854 | L36: =L18/L17-1 -> 0.012965879 | M36: =M18/M17-1 -> 0.0071265735 | N36: =N18/N17-1 -> 0.027266445 | O36: =O18/O17-1 -> 0.034587335 | P36: =P18/P17-1 -> 0.040585857 | R36: =C36-K36 -> -0.0090842372 | S36: =D36-L36 -> 0.009992608 | T36: =E36-M36 -> 0.019204696 | U36: =F36-N36 -> 0.0062296412 | V36: =G36-O36 -> 0.026122015 | W36: =H36-P36 -> 0.016637735
B37: 2027 | C37: =C19/C18-1 -> 0.0073718112 | D37: =D19/D18-1 -> 0.005526547 | E37: =E19/E18-1 -> -0.0018317608 | F37: =F19/F18-1 -> 0.010079196 | G37: =G19/G18-1 -> 0.0082289729 | H37: =H19/H18-1 -> 0.015661447 | J37: 2027 | K37: =K19/K18-1 -> 0.010302074 | L37: =L19/L18-1 -> 0.012226327 | M37: =M19/M18-1 -> 0.0019046312 | N37: =N19/N18-1 -> 0.0065904436 | O37: =O19/O18-1 -> 0.0085076271 | P37: =P19/P18-1 -> 0.018897348 | R37: =C37-K37 -> -0.0029302632 | S37: =D37-L37 -> -0.0066997802 | T37: =E37-M37 -> -0.003736392 | U37: =F37-N37 -> 0.0034887528 | V37: =G37-O37 -> -0.00027865421 | W37: =H37-P37 -> -0.0032359011
B38: 2028 | C38: =C20/C19-1 -> 0.012843878 | D38: =D20/D19-1 -> 0.018207276 | E38: =E20/E19-1 -> 0.0052953845 | F38: =F20/F19-1 -> 0.015987928 | G38: =G20/G19-1 -> 0.021367974 | H38: =H20/H19-1 -> 0.0344863 | J38: 2028 | K38: =K20/K19-1 -> 0.0063437805 | L38: =L20/L19-1 -> 0.017821743 | M38: =M20/M19-1 -> 0.011405608 | N38: =N20/N19-1 -> 0.022192508 | O38: =O20/O19-1 -> 0.033851236 | P38: =P20/P19-1 -> 0.040409761 | R38: =C38-K38 -> 0.0065000975 | S38: =D38-L38 -> 0.00038553248 | T38: =E38-M38 -> -0.0061102236 | U38: =F38-N38 -> -0.0062045807 | V38: =G38-O38 -> -0.012483261 | W38: =H38-P38 -> -0.0059234608
B39: 2029 | C39: =C21/C20-1 -> 0.0059379738 | D39: =D21/D20-1 -> 0.017932661 | E39: =E21/E20-1 -> 0.011923883 | F39: =F21/F20-1 -> 0.018551171 | G39: =G21/G20-1 -> 0.030696257 | H39: =H21/H20-1 -> 0.036816504 | J39: 2029 | K39: =K21/K20-1 -> 0.0059460032 | L39: =L21/L20-1 -> 0.01721857 | M39: =M21/M20-1 -> 0.011205937 | N39: =N21/N20-1 -> 0.017236909 | O39: =O21/O20-1 -> 0.028636002 | P39: =P21/P20-1 -> 0.034752275 | R39: =C39-K39 -> -8.0294675e-06 | S39: =D39-L39 -> 0.0007140904 | T39: =E39-M39 -> 0.0007179467 | U39: =F39-N39 -> 0.001314262 | V39: =G39-O39 -> 0.002060255 | W39: =H39-P39 -> 0.0020642294
B41: Source: CoStar; Tourism Economics
B42: *Gateway Regions: Los Angeles, Orange County, San Diego, San Francisco Bay Area

Sheet All Other Regions
B1: ="Forecast summary: Annual, All Other Regions*" -> Forecast summary: Annual, All Other Regions*
K2: Prior forecast | R2: Current compared to prior (difference)
C3: Hotel supply (daily) | D3: Hotel room demand (daily) | E3: Occupancy | F3: ADR | G3: RevPAR | H3: Room revenue | K3: Hotel supply (daily) | L3: Hotel room demand (daily) | M3: Occupancy | N3: ADR | O3: RevPAR | P3: Room revenue | R3: Hotel supply (daily) | S3: Hotel room demand (daily) | T3: Occupancy | U3: ADR | V3: RevPAR | W3: Room revenue
B4: Levels | J4: Levels
C5: =California!C5-Gateway!C5 -> 174711.24 | D5: =California!D5-Gateway!D5 -> 107076.71 | E5: =D5/C5 -> 0.61287818 | F5: =H5/(D5*365) -> #DIV/0! | G5: =(H5/365)/C5 -> #DIV/0! | H5: =California!H5-Gateway!H5 -> #DIV/0! | K5: 174711.24 | L5: 107076.71 | M5: 0.61287818 | N5: #DIV/0! | O5: #DIV/0! | P5: #DIV/0!
C6: =California!C6-Gateway!C6 -> 175757.5 | D6: =California!D6-Gateway!D6 -> 111062.61 | E6: =D6/C6 -> 0.63190819 | F6: =H6/(D6*365) -> 107.4844 | G6: =(H6/365)/C6 -> 67.920274 | H6: =California!H6-Gateway!H6 -> 4.3571867e+09 | K6: 175757.5 | L6: 111062.61 | M6: 0.63190819 | N6: 107.4844 | O6: 67.920274 | P6: 4.3571867e+09
C7: =California!C7-Gateway!C7 -> 175989.67 | D7: =California!D7-Gateway!D7 -> 116687.61 | E7: =D7/C7 -> 0.6630367 | F7: =H7/(D7*365) -> 113.03299 | G7: =(H7/365)/C7 -> 74.945017 | H7: =California!H7-Gateway!H7 -> 4.8141852e+09 | K7: 175989.67 | L7: 116687.61 | M7: 0.6630367 | N7: 113.03299 | O7: 74.945017 | P7: 4.8141852e+09
C8: =California!C8-Gateway!C8 -> 176337.17 | D8: =California!D8-Gateway!D8 -> 119135.48 | E8: =D8/C8 -> 0.67561186 | F8: =H8/(D8*365) -> 119.61483 | G8: =(H8/365)/C8 -> 80.813199 | H8: =California!H8-Gateway!H8 -> 5.2013853e+09 | K8: 176337.17 | L8: 119135.48 | M8: 0.67561186 | N8: 119.61483 | O8: 80.813199 | P8: 5.2013853e+09
C9: =California!C9-Gateway!C9 -> 177131.83 | D9: =California!D9-Gateway!D9 -> 121423.81 | E9: =D9/C9 -> 0.68549966 | F9: =H9/(D9*365) -> 123.78731 | G9: =(H9/365)/C9 -> 84.856158 | H9: =California!H9-Gateway!H9 -> 5.4862153e+09 | K9: 177131.83 | L9: 121423.81 | M9: 0.68549966 | N9: 123.78731 | O9: 84.856158 | P9: 5.4862153e+09
C10: =California!C10-Gateway!C10 -> 179946.75 | D10: =California!D10-Gateway!D10 -> 123889.46 | E10: =D10/C10 -> 0.68847846 | F10: =H10/(D10*365) -> 128.53533 | G10: =(H10/365)/C10 -> 88.493807 | H10: =California!H10-Gateway!H10 -> 5.8123231e+09 | K10: 179946.75 | L10: 123889.46 | M10: 0.68847846 | N10: 128.53533 | O10: 88.493807 | P10: 5.8123231e+09
B11: 2019 | C11: =California!C11-Gateway!C11 -> 187275.33 | D11: =California!D11-Gateway!D11 -> 128651.61 | E11: =D11/C11 -> 0.68696507 | F11: =H11/(D11*365) -> 129.23644 | G11: =(H11/365)/C11 -> 88.780917 | H11: =California!H11-Gateway!H11 -> 6.0686637e+09 | J11: 2019 | K11: 187275.33 | L11: 128651.61 | M11: 0.68696507 | N11: 129.23644 | O11: 88.780917 | P11: 6.0686637e+09
B12: 2020 | C12: =California!C12-Gateway!C12 -> 187111.92 | D12: =California!D12-Gateway!D12 -> 99488.873 | E12: =D12/C12 -> 0.53170784 | F12: =H12/(D12*365) -> 117.38185 | G12: =(H12/365)/C12 -> 62.412849 | H12: =California!H12-Gateway!H12 -> 4.2625385e+09 | J12: 2020 | K12: 187111.92 | L12: 99488.873 | M12: 0.53170784 | N12: 117.38185 | O12: 62.412849 | P12: 4.2625385e+09
B13: 2021 | C13: =California!C13-Gateway!C13 -> 194039.92 | D13: =California!D13-Gateway!D13 -> 126066.84 | E13: =D13/C13 -> 0.64969538 | F13: =H13/(D13*365) -> 145.62282 | G13: =(H13/365)/C13 -> 94.610471 | H13: =California!H13-Gateway!H13 -> 6.7007459e+09 | J13: 2021 | K13: 194039.92 | L13: 126066.84 | M13: 0.64969538 | N13: 145.62282 | O13: 94.610471 | P13: 6.7007459e+09
B14: 2022 | C14: =California!C14-Gateway!C14 -> 196951.83 | D14: =California!D14-Gateway!D14 -> 128163.9 | E14: =D14/C14 -> 0.65073727 | F14: =H14/(D14*365) -> 163.2975 | G14: =(H14/365)/C14 -> 106.26377 | H14: =California!H14-Gateway!H14 -> 7.6390283e+09 | J14: 2022 | K14: 196951.83 | L14: 128163.9 | M14: 0.65073727 | N14: 163.2975 | O14: 106.26377 | P14: 7.6390283e+09
B15: 2023 | C15: =California!C15-Gateway!C15 -> 198487.41 | D15: =California!D15-Gateway!D15 -> 124863.06 | E15: =D15/C15 -> 0.62907293 | F15: =H15/(D15*365) -> 163.69367 | G15: =(H15/365)/C15 -> 102.97525 | H15: =California!H15-Gateway!H15 -> 7.4603414e+09 | J15: 2023 | K15: 198487.41 | L15: 124863.06 | M15: 0.62907293 | N15: 163.69367 | O15: 102.97525 | P15: 7.4603414e+09
B16: 2024 | C16: =California!C16-Gateway!C16 -> 201177.17 | D16: =California!D16-Gateway!D16 -> 124531.55 | E16: =D16/C16 -> 0.61901433 | F16: =H16/(D16*365) -> 163.53421 | G16: =(H16/365)/C16 -> 101.23002 | H16: =California!H16-Gateway!H16 -> 7.4332863e+09 | J16: 2024 | K16: 201177.17 | L16: 124531.55 | M16: 0.61901433 | N16: 163.53421 | O16: 101.23002 | P16: 7.4332863e+09
B17: 2025 | C17: =California!C17-Gateway!C17 -> 203530.75 | D17: =California!D17-Gateway!D17 -> 126080.17 | E17: =D17/C17 -> 0.61946497 | F17: =H17/(D17*365) -> 164.45605 | G17: =(H17/365)/C17 -> 101.87476 | H17: =California!H17-Gateway!H17 -> 7.568146e+09 | J17: 2025 | K17: 203530.75 | L17: 126080.17 | M17: 0.61946497 | N17: 164.45605 | O17: 101.87476 | P17: 7.568146e+09 | R17: =C17-K17 -> 0 | S17: =D17-L17 -> 0 | T17: =E17-M17 -> 0 | U17: =F17-N17 -> 0 | V17: =G17-O17 -> 0 | W17: =H17-P17 -> 0
B18: 2026 | C18: =California!C18-Gateway!C18 -> 206038.29 | D18: =California!D18-Gateway!D18 -> 128734.25 | E18: =D18/C18 -> 0.6248074 | F18: =H18/(D18*365) -> 167.2906 | G18: =(H18/365)/C18 -> 104.52441 | H18: =California!H18-Gateway!H18 -> 7.860651e+09 | J18: 2026 | K18: 207699.5 | L18: 127496.15 | M18: 0.61384908 | N18: 166.0989 | O18: 101.95966 | P18: 7.729594e+09 | R18: =C18-K18 -> -1661.2083 | S18: =D18-L18 -> 1238.1018 | T18: =E18-M18 -> 0.010958317 | U18: =F18-N18 -> 1.1917021 | V18: =G18-O18 -> 2.5647487 | W18: =H18-P18 -> 1.3105698e+08
B19: 2027 | C19: =California!C19-Gateway!C19 -> 209372.73 | D19: =California!D19-Gateway!D19 -> 130349.13 | E19: =D19/C19 -> 0.62256974 | F19: =H19/(D19*365) -> 169.18307 | G19: =(H19/365)/C19 -> 105.32826 | H19: =California!H19-Gateway!H19 -> 8.0492962e+09 | J19: 2027 | K19: 210845.83 | L19: 129697.88 | M19: 0.61513136 | N19: 168.22296 | O19: 103.47922 | P19: 7.9636288e+09 | R19: =C19-K19 -> -1473.0917 | S19: =D19-L19 -> 651.24846 | T19: =E19-M19 -> 0.0074383771 | U19: =F19-N19 -> 0.96011517 | V19: =G19-O19 -> 1.8490445 | W19: =H19-P19 -> 85667368
B20: 2028 | C20: =California!C20-Gateway!C20 -> 214702.65 | D20: =California!D20-Gateway!D20 -> 132459.21 | E20: =D20/C20 -> 0.61694258 | F20: =H20/(D20*365) -> 171.99493 | G20: =(H20/365)/C20 -> 106.111 | H20: =California!H20-Gateway!H20 -> 8.3155439e+09 | J20: 2028 | K20: 213622.22 | L20: 132015.09 | M20: 0.61798387 | N20: 171.0528 | O20: 105.70787 | P20: 8.2422657e+09 | R20: =C20-K20 -> 1080.4269 | S20: =D20-L20 -> 444.11885 | T20: =E20-M20 -> -0.0010412893 | U20: =F20-N20 -> 0.94213535 | V20: =G20-O20 -> 0.40312798 | W20: =H20-P20 -> 73278230
B21: 2029 | C21: =California!C21-Gateway!C21 -> 217109.07 | D21: =California!D21-Gateway!D21 -> 134643.04 | E21: =D21/C21 -> 0.62016313 | F21: =H21/(D21*365) -> 174.86572 | G21: =(H21/365)/C21 -> 108.44527 | H21: =California!H21-Gateway!H21 -> 8.5937246e+09 | J21: 2029 | K21: 216019.59 | L21: 134144.89 | M21: 0.62098483 | N21: 174.01376 | O21: 108.0599 | P21: 8.5202155e+09 | R21: =C21-K21 -> 1089.4722 | S21: =D21-L21 -> 498.14671 | T21: =E21-M21 -> -0.00082170218 | U21: =F21-N21 -> 0.85195936 | V21: =G21-O21 -> 0.3853663 | W21: =H21-P21 -> 73509093
B23: Growth | J23: Growth
C24: =C6/C5-1 -> 0.0059885125 | D24: =D6/D5-1 -> 0.037224689 | E24: =E6/E5-1 -> 0.031050232 | F24: =F6/F5-1 -> #DIV/0! | G24: =G6/G5-1 -> #DIV/0! | H24: =H6/H5-1 -> #DIV/0!
C25: =C7/C6-1 -> 0.0013209249 | D25: =D7/D6-1 -> 0.050647112 | E25: =E7/E6-1 -> 0.049261117 | F25: =F7/F6-1 -> 0.051622226 | G25: =G7/G6-1 -> 0.10342631 | H25: =H7/H6-1 -> 0.10488386
C26: =C8/C7-1 -> 0.0019745477 | D26: =D8/D7-1 -> 0.020978019 | E26: =E8/E7-1 -> 0.018966022 | F26: =F8/F7-1 -> 0.058229426 | G26: =G8/G7-1 -> 0.078299828 | H26: =H8/H7-1 -> 0.080428983
C27: =C9/C8-1 -> 0.0045065183 | D27: =D9/D8-1 -> 0.0192078 | E27: =E9/E8-1 -> 0.014635327 | F27: =F9/F8-1 -> 0.034882598 | G27: =G9/G8-1 -> 0.050028443 | H27: =H9/H8-1 -> 0.054760416
C28: =C10/C9-1 -> 0.015891648 | D28: =D10/D9-1 -> 0.020306144 | E28: =E10/E9-1 -> 0.0043454398 | F28: =F10/F9-1 -> 0.038356304 | G28: =G10/G9-1 -> 0.042868419 | H28: =H10/H9-1 -> 0.059441316
B29: =B11 -> 2019 | C29: =C11/C10-1 -> 0.0407264 | D29: =D11/D10-1 -> 0.038438711 | E29: =E11/E10-1 -> -0.0021981655 | F29: =F11/F10-1 -> 0.0054545637 | G29: =G11/G10-1 -> 0.0032444082 | H29: =H11/H10-1 -> 0.044102941 | J29: 2019 | K29: =K11/K10-1 -> 0.0407264 | L29: =L11/L10-1 -> 0.038438711 | M29: =M11/M10-1 -> -0.0021981655 | N29: =N11/N10-1 -> 0.0054545637 | O29: =O11/O10-1 -> 0.0032444082 | P29: =P11/P10-1 -> 0.044102941 | R29: =C29-K29 -> 0 | S29: =D29-L29 -> 0 | T29: =E29-M29 -> 0 | U29: =F29-N29 -> 0 | V29: =G29-O29 -> 0 | W29: =H29-P29 -> 0
B30: =B12 -> 2020 | C30: =C12/C11-1 -> -0.00087260113 | D30: =D12/D11-1 -> -0.22667994 | E30: =E12/E11-1 -> -0.22600455 | F30: =F12/F11-1 -> -0.091727901 | G30: =G12/G11-1 -> -0.29700153 | H30: =H12/H11-1 -> -0.29761497 | J30: 2020 | K30: =K12/K11-1 -> -0.00087260113 | L30: =L12/L11-1 -> -0.22667994 | M30: =M12/M11-1 -> -0.22600455 | N30: =N12/N11-1 -> -0.091727901 | O30: =O12/O11-1 -> -0.29700153 | P30: =P12/P11-1 -> -0.29761497 | R30: =C30-K30 -> 0 | S30: =D30-L30 -> 0 | T30: =E30-M30 -> 0 | U30: =F30-N30 -> 0 | V30: =G30-O30 -> 0 | W30: =H30-P30 -> 0
B31: =B13 -> 2021 | C31: =C13/C12-1 -> 0.037025969 | D31: =D13/D12-1 -> 0.26714509 | E31: =E13/E12-1 -> 0.22190295 | F31: =F13/F12-1 -> 0.24059059 | G31: =G13/G12-1 -> 0.5158813 | H31: =H13/H12-1 -> 0.57200828 | J31: 2021 | K31: =K13/K12-1 -> 0.037025969 | L31: =L13/L12-1 -> 0.26714509 | M31: =M13/M12-1 -> 0.22190295 | N31: =N13/N12-1 -> 0.24059059 | O31: =O13/O12-1 -> 0.5158813 | P31: =P13/P12-1 -> 0.57200828 | R31: =C31-K31 -> 0 | S31: =D31-L31 -> 0 | T31: =E31-M31 -> 0 | U31: =F31-N31 -> 0 | V31: =G31-O31 -> 0 | W31: =H31-P31 -> 0
B32: =B14 -> 2022 | C32: =C14/C13-1 -> 0.015006792 | D32: =D14/D13-1 -> 0.01663452 | E32: =E14/E13-1 -> 0.0016036623 | F32: =F14/F13-1 -> 0.12137307 | G32: =G14/G13-1 -> 0.12317137 | H32: =H14/H13-1 -> 0.14002657 | J32: 2022 | K32: =K14/K13-1 -> 0.015006792 | L32: =L14/L13-1 -> 0.01663452 | M32: =M14/M13-1 -> 0.0016036623 | N32: =N14/N13-1 -> 0.12137307 | O32: =O14/O13-1 -> 0.12317137 | P32: =P14/P13-1 -> 0.14002657 | R32: =C32-K32 -> 0 | S32: =D32-L32 -> 0 | T32: =E32-M32 -> 0 | U32: =F32-N32 -> 0 | V32: =G32-O32 -> 0 | W32: =H32-P32 -> 0
B33: 2023 | C33: =C15/C14-1 -> 0.0077967319 | D33: =D15/D14-1 -> -0.025754832 | E33: =E15/E14-1 -> -0.033291995 | F33: =F15/F14-1 -> 0.0024260043 | G33: =G15/G14-1 -> -0.030946758 | H33: =H15/H14-1 -> -0.023391309 | J33: 2023 | K33: =K15/K14-1 -> 0.0077967319 | L33: =L15/L14-1 -> -0.025754832 | M33: =M15/M14-1 -> -0.033291995 | N33: =N15/N14-1 -> 0.0024260043 | O33: =O15/O14-1 -> -0.030946758 | P33: =P15/P14-1 -> -0.023391309 | R33: =C33-K33 -> 0 | S33: =D33-L33 -> 0 | T33: =E33-M33 -> 0 | U33: =F33-N33 -> 0 | V33: =G33-O33 -> 0 | W33: =H33-P33 -> 0
B34: 2024 | C34: =C16/C15-1 -> 0.013551251 | D34: =D16/D15-1 -> -0.0026549816 | E34: =E16/E15-1 -> -0.015989554 | F34: =F16/F15-1 -> -0.00097413015 | G34: =G16/G15-1 -> -0.016948108 | H34: =H16/H15-1 -> -0.0036265254 | J34: 2024 | K34: =K16/K15-1 -> 0.013551251 | L34: =L16/L15-1 -> -0.0026549816 | M34: =M16/M15-1 -> -0.015989554 | N34: =N16/N15-1 -> -0.00097413015 | O34: =O16/O15-1 -> -0.016948108 | P34: =P16/P15-1 -> -0.0036265254 | R34: =C34-K34 -> 0 | S34: =D34-L34 -> 0 | T34: =E34-M34 -> 0 | U34: =F34-N34 -> 0 | V34: =G34-O34 -> 0 | W34: =H34-P34 -> 0
B35: 2025 | C35: =C17/C16-1 -> 0.011699058 | D35: =D17/D16-1 -> 0.012435574 | E35: =E17/E16-1 -> 0.00072799963 | F35: =F17/F16-1 -> 0.0056370044 | G35: =G17/G16-1 -> 0.0063691078 | H35: =H17/H16-1 -> 0.018142678 | J35: 2025 | K35: =K17/K16-1 -> 0.011699058 | L35: =L17/L16-1 -> 0.012435574 | M35: =M17/M16-1 -> 0.00072799963 | N35: =N17/N16-1 -> 0.0056370044 | O35: =O17/O16-1 -> 0.0063691078 | P35: =P17/P16-1 -> 0.018142678 | R35: =C35-K35 -> 0 | S35: =D35-L35 -> 0 | T35: =E35-M35 -> 0 | U35: =F35-N35 -> 0 | V35: =G35-O35 -> 0 | W35: =H35-P35 -> 0
B36: 2026 | C36: =C18/C17-1 -> 0.01232021 | D36: =D18/D17-1 -> 0.021050728 | E36: =E18/E17-1 -> 0.0086242651 | F36: =F18/F17-1 -> 0.017235924 | G36: =G18/G17-1 -> 0.026008836 | H36: =H18/H17-1 -> 0.038649481 | J36: 2026 | K36: =K18/K17-1 -> 0.020482163 | L36: =L18/L17-1 -> 0.011230772 | M36: =M18/M17-1 -> -0.009065706 | N36: =N18/N17-1 -> 0.0099895986 | O36: =O18/O17-1 -> 0.0008333298 | P36: =P18/P17-1 -> 0.021332561 | R36: =C36-K36 -> -0.0081619526 | S36: =D36-L36 -> 0.0098199565 | T36: =E36-M36 -> 0.017689971 | U36: =F36-N36 -> 0.0072463256 | V36: =G36-O36 -> 0.025175507 | W36: =H36-P36 -> 0.01731692
B37: 2027 | C37: =C19/C18-1 -> 0.016183602 | D37: =D19/D18-1 -> 0.012544278 | E37: =E19/E18-1 -> -0.003581364 | F37: =F19/F18-1 -> 0.01131249 | G37: =G19/G18-1 -> 0.007690612 | H37: =H19/H18-1 -> 0.023998676 | J37: 2027 | K37: =K19/K18-1 -> 0.015148448 | L37: =L19/L18-1 -> 0.017269005 | M37: =M19/M18-1 -> 0.0020889135 | N37: =N19/N18-1 -> 0.012787924 | O37: =O19/O18-1 -> 0.014903551 | P37: =P19/P18-1 -> 0.030277764 | R37: =C37-K37 -> 0.0010351542 | S37: =D37-L37 -> -0.0047247265 | T37: =E37-M37 -> -0.0056702775 | U37: =F37-N37 -> -0.0014754344 | V37: =G37-O37 -> -0.0072129389 | W37: =H37-P37 -> -0.0062790886
B38: 2028 | C38: =C20/C19-1 -> 0.025456595 | D38: =D20/D19-1 -> 0.0161879 | E38: =E20/E19-1 -> -0.0090386034 | F38: =F20/F19-1 -> 0.016620202 | G38: =G20/G19-1 -> 0.0074313752 | H38: =H20/H19-1 -> 0.033077148 | J38: 2028 | K38: =K20/K19-1 -> 0.013167908 | L38: =L20/L19-1 -> 0.0178662 | M38: =M20/M19-1 -> 0.0046372296 | N38: =N20/N19-1 -> 0.016821941 | O38: =O20/O19-1 -> 0.021537178 | P38: =P20/P19-1 -> 0.034988685 | R38: =C38-K38 -> 0.012288688 | S38: =D38-L38 -> -0.0016783 | T38: =E38-M38 -> -0.013675833 | U38: =F38-N38 -> -0.00020173893 | V38: =G38-O38 -> -0.014105803 | W38: =H38-P38 -> -0.0019115369
B39: 2029 | C39: =C21/C20-1 -> 0.011208131 | D39: =D21/D20-1 -> 0.016486814 | E39: =E21/E20-1 -> 0.0052201747 | F39: =F21/F20-1 -> 0.016691097 | G39: =G21/G20-1 -> 0.021998402 | H39: =H21/H20-1 -> 0.033453094 | J39: 2029 | K39: =K21/K20-1 -> 0.011222475 | L39: =L21/L20-1 -> 0.016133023 | M39: =M21/M20-1 -> 0.0048560506 | N39: =N21/N20-1 -> 0.017310211 | O39: =O21/O20-1 -> 0.022250321 | P39: =P21/P20-1 -> 0.0337225 | R39: =C39-K39 -> -1.4344526e-05 | S39: =D39-L39 -> 0.00035379102 | T39: =E39-M39 -> 0.00036412405 | U39: =F39-N39 -> -0.00061911451 | V39: =G39-O39 -> -0.00025191929 | W39: =H39-P39 -> -0.00026940653
B41: Source: CoStar; Tourism Economics
B42: *Other Regions: Central Coast, Central Valley, Deserts, Gold Country, High Sierra, Inland Empire, North Coast, Shasta Cascade

Sheet Central Coast
B1: Forecast summary: Annual, Central Coast
K2: Prior forecast | R2: Current compared to prior (difference)
C3: Hotel supply (daily) | D3: Hotel room demand (daily) | E3: Occupancy | F3: ADR | G3: RevPAR | H3: Room revenue | K3: Hotel supply (daily) | L3: Hotel room demand (daily) | M3: Occupancy | N3: ADR | O3: RevPAR | P3: Room revenue | R3: Hotel supply (daily) | S3: Hotel room demand (daily) | T3: Occupancy | U3: ADR | V3: RevPAR | W3: Room revenue
B4: Levels | J4: Levels
C5: 38643.697 | D5: 25285.168 | E5: =D5/C5 -> 0.65431545 | F5: 0 | G5: =(H5/365)/C5 -> 0 | H5: =D5*F5*365 -> 0 | K5: 38643.697 | L5: 25285.168 | M5: 0.65431545 | N5: 0 | O5: 0 | P5: 0
C6: 38752.299 | D6: 27044.908 | E6: =D6/C6 -> 0.69789171 | F6: 151.37933 | G6: =(H6/365)/C6 -> 105.64638 | H6: =D6*F6*365 -> 1.4943247e+09 | K6: 38752.299 | L6: 27044.908 | M6: 0.69789171 | N6: 151.37933 | O6: 105.64638 | P6: 1.4943247e+09
C7: 38845.25 | D7: 28101.466 | E7: =D7/C7 -> 0.72342091 | F7: 159.23058 | G7: =(H7/365)/C7 -> 115.19073 | H7: =D7*F7*365 -> 1.6332336e+09 | K7: 38845.25 | L7: 28101.466 | M7: 0.72342091 | N7: 159.23058 | O7: 115.19073 | P7: 1.6332336e+09
C8: 39109.667 | D8: 28551.476 | E8: =D8/C8 -> 0.7300363 | F8: 167.20981 | G8: =(H8/365)/C8 -> 122.06923 | H8: =D8*F8*365 -> 1.7425417e+09 | K8: 39109.667 | L8: 28551.476 | M8: 0.7300363 | N8: 167.20981 | O8: 122.06923 | P8: 1.7425417e+09
C9: 39546.333 | D9: 28593.738 | E9: =D9/C9 -> 0.72304398 | F9: 171.17269 | G9: =(H9/365)/C9 -> 123.76538 | H9: =D9*F9*365 -> 1.7864805e+09 | K9: 39546.333 | L9: 28593.738 | M9: 0.72304398 | N9: 171.17269 | O9: 123.76538 | P9: 1.7864805e+09
C10: 40065 | D10: 28886.577 | E10: =D10/C10 -> 0.72099282 | F10: 178.53763 | G10: =(H10/365)/C10 -> 128.72435 | H10: =D10*F10*365 -> 1.8824295e+09 | K10: 40065 | L10: 28886.577 | M10: 0.72099282 | N10: 178.53763 | O10: 128.72435 | P10: 1.8824295e+09
B11: 2019 | C11: 41585.5 | D11: 29638.341 | E11: =D11/C11 -> 0.71270854 | F11: 178.69413 | G11: =(H11/365)/C11 -> 127.35683 | H11: =D11*F11*365 -> 1.9331121e+09 | J11: 2019 | K11: 41585.5 | L11: 29638.341 | M11: 0.71270854 | N11: 178.69413 | O11: 127.35683 | P11: 1.9331121e+09
B12: 2020 | C12: 41817.833 | D12: 20579.836 | E12: =D12/C12 -> 0.4921306 | F12: 163.79315 | G12: =(H12/365)/C12 -> 80.607622 | H12: =D12*F12*365 -> 1.2303552e+09 | J12: 2020 | K12: 41817.833 | L12: 20579.836 | M12: 0.4921306 | N12: 163.79315 | O12: 80.607622 | P12: 1.2303552e+09
B13: 2021 | C13: 42338.25 | D13: 27288.446 | E13: =D13/C13 -> 0.6445341 | F13: 217.83954 | G13: =(H13/365)/C13 -> 140.40501 | H13: =D13*F13*365 -> 2.1697434e+09 | J13: 2021 | K13: 42338.25 | L13: 27288.446 | M13: 0.6445341 | N13: 217.83954 | O13: 140.40501 | P13: 2.1697434e+09
B14: 2022 | C14: 42556.583 | D14: 29334.692 | E14: =D14/C14 -> 0.68931032 | F14: 231.0442 | G14: =(H14/365)/C14 -> 159.26115 | H14: =D14*F14*365 -> 2.4738279e+09 | J14: 2022 | K14: 42556.583 | L14: 29334.692 | M14: 0.68931032 | N14: 231.0442 | O14: 159.26115 | P14: 2.4738279e+09
B15: 2023 | C15: 42844.126 | D15: 28532.373 | E15: =D15/C15 -> 0.66595762 | F15: 222.20432 | G15: =(H15/365)/C15 -> 147.97866 | H15: =D15*F15*365 -> 2.314106e+09 | J15: 2023 | K15: 42844.126 | L15: 28532.373 | M15: 0.66595762 | N15: 222.20432 | O15: 147.97866 | P15: 2.314106e+09
B16: 2024 | C16: 43056.833 | D16: 28777.815 | E16: =D16/C16 -> 0.66836813 | F16: 225.548 | G16: =(H16/365)/C16 -> 150.7491 | H16: =D16*F16*365 -> 2.3691343e+09 | J16: 2024 | K16: 43056.833 | L16: 28777.815 | M16: 0.66836813 | N16: 225.548 | O16: 150.7491 | P16: 2.3691343e+09
B17: 2025 | C17: 43410 | D17: 29172.896 | E17: =D17/C17 -> 0.6720317 | F17: 227.26672 | G17: =(H17/365)/C17 -> 152.73044 | H17: =D17*F17*365 -> 2.4199604e+09 | J17: 2025 | K17: 43410 | L17: 29172.896 | M17: 0.6720317 | N17: 227.26672 | O17: 152.73044 | P17: 2.4199604e+09 | R17: =C17-K17 -> 0 | S17: =D17-L17 -> 0 | T17: =E17-M17 -> 0 | U17: =F17-N17 -> 0 | V17: =G17-O17 -> 0 | W17: =H17-P17 -> 0
B18: 2026 | C18: 44044.625 | D18: 30020.423 | E18: =D18/C18 -> 0.68159106 | F18: 233.75098 | G18: =(H18/365)/C18 -> 159.32258 | H18: =D18*F18*365 -> 2.5613157e+09 | J18: 2026 | K18: 44662.583 | L18: 29529.725 | M18: 0.66117369 | N18: 229.66312 | O18: 151.84722 | P18: 2.4753895e+09 | R18: =C18-K18 -> -617.95833 | S18: =D18-L18 -> 490.6973 | T18: =E18-M18 -> 0.020417363 | U18: =F18-N18 -> 4.0878596 | V18: =G18-O18 -> 7.4753639 | W18: =H18-P18 -> 85926236
B19: 2027 | C19: 44631.942 | D19: 30369.884 | E19: =D19/C19 -> 0.68045177 | F19: 236.42897 | G19: =(H19/365)/C19 -> 160.87851 | H19: =D19*F19*365 -> 2.6208169e+09 | J19: 2027 | K19: 45195.55 | L19: 30053.997 | M19: 0.66497691 | N19: 232.61268 | O19: 154.68206 | P19: 2.5516934e+09 | R19: =C19-K19 -> -563.60833 | S19: =D19-L19 -> 315.88649 | T19: =E19-M19 -> 0.015474859 | U19: =F19-N19 -> 3.8162947 | V19: =G19-O19 -> 6.1964529 | W19: =H19-P19 -> 69123564
B20: 2028 | C20: 45379.167 | D20: 30826.424 | E20: =D20/C20 -> 0.67930785 | F20: 240.4766 | G20: =(H20/365)/C20 -> 163.35764 | H20: =D20*F20*365 -> 2.7057572e+09 | J20: 2028 | K20: 45615.271 | L20: 30603.427 | M20: 0.6709031 | N20: 236.68138 | O20: 158.79027 | P20: 2.6437904e+09 | R20: =C20-K20 -> -236.1043 | S20: =D20-L20 -> 222.99711 | T20: =E20-M20 -> 0.0084047426 | U20: =F20-N20 -> 3.7952149 | V20: =G20-O20 -> 4.5673653 | W20: =H20-P20 -> 61966841
B21: 2029 | C21: 45680.501 | D21: 31329 | E21: =D21/C21 -> 0.68582872 | F21: 244.66045 | G21: =(H21/365)/C21 -> 167.79516 | H21: =D21*F21*365 -> 2.797713e+09 | J21: 2029 | K21: 45918.173 | L21: 31096.123 | M21: 0.67720731 | N21: 240.90318 | O21: 163.14139 | P21: 2.7342715e+09 | R21: =C21-K21 -> -237.67212 | S21: =D21-L21 -> 232.87708 | T21: =E21-M21 -> 0.008621411 | U21: =F21-N21 -> 3.7572689 | V21: =G21-O21 -> 4.6537682 | W21: =H21-P21 -> 63441491
B23: Growth | J23: Growth
C24: =C6/C5-1 -> 0.0028103521 | D24: =D6/D5-1 -> 0.069595756 | E24: =E6/E5-1 -> 0.06659824 | F24: =F6/F5-1 -> #DIV/0! | G24: =G6/G5-1 -> #DIV/0! | H24: =H6/H5-1 -> #DIV/0!
C25: =C7/C6-1 -> 0.0023985828 | D25: =D7/D6-1 -> 0.039066789 | E25: =E7/E6-1 -> 0.036580465 | F25: =F7/F6-1 -> 0.051864699 | G25: =G7/G6-1 -> 0.090342398 | H25: =H7/H6-1 -> 0.092957674
C26: =C8/C7-1 -> 0.0068069241 | D26: =D8/D7-1 -> 0.01601376 | E26: =E8/E7-1 -> 0.0091445896 | F26: =F8/F7-1 -> 0.050111175 | G26: =G8/G7-1 -> 0.059714011 | H26: =H8/H7-1 -> 0.066927404
C27: =C9/C8-1 -> 0.011165185 | D27: =D9/D8-1 -> 0.0014801967 | E27: =E9/E8-1 -> -0.0095780477 | F27: =F9/F8-1 -> 0.023700065 | G27: =G9/G8-1 -> 0.013895017 | H27: =H9/H8-1 -> 0.025215343
C28: =C10/C9-1 -> 0.013115417 | D28: =D10/D9-1 -> 0.010241371 | E28: =E10/E9-1 -> -0.0028368401 | F28: =F10/F9-1 -> 0.043026386 | G28: =G10/G9-1 -> 0.040067486 | H28: =H10/H9-1 -> 0.053708406
B29: =B11 -> 2019 | C29: =C11/C10-1 -> 0.03795083 | D29: =D11/D10-1 -> 0.026024669 | E29: =E11/E10-1 -> -0.011490102 | F29: =F11/F10-1 -> 0.00087653531 | G29: =G11/G10-1 -> -0.010623638 | H29: =H11/H10-1 -> 0.026924016 | J29: =J11 -> 2019 | K29: =K11/K10-1 -> 0.03795083 | L29: =L11/L10-1 -> 0.026024669 | M29: =M11/M10-1 -> -0.011490102 | N29: =N11/N10-1 -> 0.00087653531 | O29: =O11/O10-1 -> -0.010623638 | P29: =P11/P10-1 -> 0.026924016 | R29: =C29-K29 -> 0 | S29: =D29-L29 -> 0 | T29: =E29-M29 -> 0 | U29: =F29-N29 -> 0 | V29: =G29-O29 -> 0 | W29: =H29-P29 -> 0
B30: =B12 -> 2020 | C30: =C12/C11-1 -> 0.0055868832 | D30: =D12/D11-1 -> -0.3056347 | E30: =E12/E11-1 -> -0.30949248 | F30: =F12/F11-1 -> -0.08338817 | G30: =G12/G11-1 -> -0.36707264 | H30: =H12/H11-1 -> -0.36353655 | J30: =J12 -> 2020 | K30: =K12/K11-1 -> 0.0055868832 | L30: =L12/L11-1 -> -0.3056347 | M30: =M12/M11-1 -> -0.30949248 | N30: =N12/N11-1 -> -0.08338817 | O30: =O12/O11-1 -> -0.36707264 | P30: =P12/P11-1 -> -0.36353655 | R30: =C30-K30 -> 0 | S30: =D30-L30 -> 0 | T30: =E30-M30 -> 0 | U30: =F30-N30 -> 0 | V30: =G30-O30 -> 0 | W30: =H30-P30 -> 0
B31: =B13 -> 2021 | C31: =C13/C12-1 -> 0.01244485 | D31: =D13/D12-1 -> 0.32597978 | E31: =E13/E12-1 -> 0.309681 | F31: =F13/F12-1 -> 0.32996734 | G31: =G13/G12-1 -> 0.74183295 | H31: =H13/H12-1 -> 0.7635098 | J31: =J13 -> 2021 | K31: =K13/K12-1 -> 0.01244485 | L31: =L13/L12-1 -> 0.32597978 | M31: =M13/M12-1 -> 0.309681 | N31: =N13/N12-1 -> 0.32996734 | O31: =O13/O12-1 -> 0.74183295 | P31: =P13/P12-1 -> 0.7635098 | R31: =C31-K31 -> 0 | S31: =D31-L31 -> 0 | T31: =E31-M31 -> 0 | U31: =F31-N31 -> 0 | V31: =G31-O31 -> 0 | W31: =H31-P31 -> 0
B32: =B14 -> 2022 | C32: =C14/C13-1 -> 0.0051568814 | D32: =D14/D13-1 -> 0.074985812 | E32: =E14/E13-1 -> 0.069470679 | F32: =F14/F13-1 -> 0.060616459 | G32: =G14/G13-1 -> 0.1342982 | H32: =H14/H13-1 -> 0.14014765 | J32: =J14 -> 2022 | K32: =K14/K13-1 -> 0.0051568814 | L32: =L14/L13-1 -> 0.074985812 | M32: =M14/M13-1 -> 0.069470679 | N32: =N14/N13-1 -> 0.060616459 | O32: =O14/O13-1 -> 0.1342982 | P32: =P14/P13-1 -> 0.14014765 | R32: =C32-K32 -> 0 | S32: =D32-L32 -> 0 | T32: =E32-M32 -> 0 | U32: =F32-N32 -> 0 | V32: =G32-O32 -> 0 | W32: =H32-P32 -> 0
B33: 2023 | C33: =C15/C14-1 -> 0.0067567222 | D33: =D15/D14-1 -> -0.027350534 | E33: =E15/E14-1 -> -0.03387835 | F33: =F15/F14-1 -> -0.038260594 | G33: =G15/G14-1 -> -0.070842737 | H33: =H15/H14-1 -> -0.06456468 | J33: 2023 | K33: =K15/K14-1 -> 0.0067567222 | L33: =L15/L14-1 -> -0.027350534 | M33: =M15/M14-1 -> -0.03387835 | N33: =N15/N14-1 -> -0.038260594 | O33: =O15/O14-1 -> -0.070842737 | P33: =P15/P14-1 -> -0.06456468 | R33: =C33-K33 -> 0 | S33: =D33-L33 -> 0 | T33: =E33-M33 -> 0 | U33: =F33-N33 -> 0 | V33: =G33-O33 -> 0 | W33: =H33-P33 -> 0
B34: 2024 | C34: =C16/C15-1 -> 0.0049646709 | D34: =D16/D15-1 -> 0.0086022545 | E34: =E16/E15-1 -> 0.0036196134 | F34: =F16/F15-1 -> 0.015047812 | G34: =G16/G15-1 -> 0.018721893 | H34: =H16/H15-1 -> 0.023779512 | J34: 2024 | K34: =K16/K15-1 -> 0.0049646709 | L34: =L16/L15-1 -> 0.0086022545 | M34: =M16/M15-1 -> 0.0036196134 | N34: =N16/N15-1 -> 0.015047812 | O34: =O16/O15-1 -> 0.018721893 | P34: =P16/P15-1 -> 0.023779512 | R34: =C34-K34 -> 0 | S34: =D34-L34 -> 0 | T34: =E34-M34 -> 0 | U34: =F34-N34 -> 0 | V34: =G34-O34 -> 0 | W34: =H34-P34 -> 0
B35: 2025 | C35: =C17/C16-1 -> 0.0082023372 | D35: =D17/D16-1 -> 0.013728665 | E35: =E17/E16-1 -> 0.0054813678 | F35: =F17/F16-1 -> 0.0076201787 | G35: =G17/G16-1 -> 0.013143315 | H35: =H17/H16-1 -> 0.021453459 | J35: 2025 | K35: =K17/K16-1 -> 0.0082023372 | L35: =L17/L16-1 -> 0.013728665 | M35: =M17/M16-1 -> 0.0054813678 | N35: =N17/N16-1 -> 0.0076201787 | O35: =O17/O16-1 -> 0.013143315 | P35: =P17/P16-1 -> 0.021453459 | R35: =C35-K35 -> 0 | S35: =D35-L35 -> 0 | T35: =E35-M35 -> 0 | U35: =F35-N35 -> 0 | V35: =G35-O35 -> 0 | W35: =H35-P35 -> 0
B36: 2026 | C36: =C18/C17-1 -> 0.014619327 | D36: =D18/D17-1 -> 0.02905184 | E36: =E18/E17-1 -> 0.014224559 | F36: =F18/F17-1 -> 0.028531506 | G36: =G18/G17-1 -> 0.043161913 | H36: =H18/H17-1 -> 0.058412238 | J36: 2026 | K36: =K18/K17-1 -> 0.028854719 | L36: =L18/L17-1 -> 0.012231525 | M36: =M18/M17-1 -> -0.016156988 | N36: =N18/N17-1 -> 0.010544448 | O36: =O18/O17-1 -> -0.0057829064 | P36: =P18/P17-1 -> 0.022904948 | R36: =C36-K36 -> -0.014235391 | S36: =D36-L36 -> 0.016820315 | T36: =E36-M36 -> 0.030381547 | U36: =F36-N36 -> 0.017987058 | V36: =G36-O36 -> 0.048944819 | W36: =H36-P36 -> 0.03550729
B37: 2027 | C37: =C19/C18-1 -> 0.013334582 | D37: =D19/D18-1 -> 0.011640788 | E37: =E19/E18-1 -> -0.0016715056 | F37: =F19/F18-1 -> 0.011456586 | G37: =G19/G18-1 -> 0.0097659304 | H37: =H19/H18-1 -> 0.023230737 | J37: 2027 | K37: =K19/K18-1 -> 0.01193318 | L37: =L19/L18-1 -> 0.017754048 | M37: =M19/M18-1 -> 0.0057522255 | N37: =N19/N18-1 -> 0.012842955 | O37: =O19/O18-1 -> 0.018669056 | P37: =P19/P18-1 -> 0.030825018 | R37: =C37-K37 -> 0.0014014016 | S37: =D37-L37 -> -0.0061132607 | T37: =E37-M37 -> -0.0074237311 | U37: =F37-N37 -> -0.001386369 | V37: =G37-O37 -> -0.0089031254 | W37: =H37-P37 -> -0.0075942804
B38: 2028 | C38: =C20/C19-1 -> 0.016741934 | D38: =D20/D19-1 -> 0.015032658 | E38: =E20/E19-1 -> -0.00168113 | F38: =F20/F19-1 -> 0.017119836 | G38: =G20/G19-1 -> 0.015409925 | H38: =H20/H19-1 -> 0.032409851 | J38: 2028 | K38: =K20/K19-1 -> 0.0092867764 | L38: =L20/L19-1 -> 0.018281411 | M38: =M20/M19-1 -> 0.0089118717 | N38: =N20/N19-1 -> 0.017491329 | O38: =O20/O19-1 -> 0.026559081 | P38: =P20/P19-1 -> 0.036092506 | R38: =C38-K38 -> 0.0074551572 | S38: =D38-L38 -> -0.0032487525 | T38: =E38-M38 -> -0.010593002 | U38: =F38-N38 -> -0.00037149355 | V38: =G38-O38 -> -0.011149156 | W38: =H38-P38 -> -0.0036826556
B39: 2029 | C39: =C21/C20-1 -> 0.0066403723 | D39: =D21/D20-1 -> 0.016303409 | E39: =E21/E20-1 -> 0.009599294 | F39: =F21/F20-1 -> 0.017398158 | G39: =G21/G20-1 -> 0.027164462 | H39: =H21/H20-1 -> 0.033985216 | J39: 2029 | K39: =K21/K20-1 -> 0.0066403723 | L39: =L21/L20-1 -> 0.016099368 | M39: =M21/M20-1 -> 0.0093965989 | N39: =N21/N20-1 -> 0.017837465 | O39: =O21/O20-1 -> 0.027401675 | P39: =P21/P20-1 -> 0.034224004 | R39: =C39-K39 -> 0 | S39: =D39-L39 -> 0.00020404116 | T39: =E39-M39 -> 0.00020269519 | U39: =F39-N39 -> -0.0004393068 | V39: =G39-O39 -> -0.00023721308 | W39: =H39-P39 -> -0.00023878827
B41: Source: CoStar; Tourism Economics

Sheet Central Valley
B1: Forecast summary: Annual, Central Valley
K2: Prior forecast | R2: Current compared to prior (difference)
C3: Hotel supply (daily) | D3: Hotel room demand (daily) | E3: Occupancy | F3: ADR | G3: RevPAR | H3: Room revenue | K3: Hotel supply (daily) | L3: Hotel room demand (daily) | M3: Occupancy | N3: ADR | O3: RevPAR | P3: Room revenue | R3: Hotel supply (daily) | S3: Hotel room demand (daily) | T3: Occupancy | U3: ADR | V3: RevPAR | W3: Room revenue
B4: Levels | J4: Levels
C5: 38386.674 | D5: 23216.116 | E5: =D5/C5 -> 0.60479624 | F5: 0 | G5: =(H5/365)/C5 -> 0 | H5: =D5*F5*365 -> 0 | K5: 38386.674 | L5: 23216.116 | M5: 0.60479624 | N5: 0 | O5: 0 | P5: 0
C6: 38133.201 | D6: 23600.527 | E6: =D6/C6 -> 0.61889708 | F6: 76.692784 | G6: =(H6/365)/C6 -> 47.46494 | H6: =D6*F6*365 -> 6.6064638e+08 | K6: 38133.201 | L6: 23600.527 | M6: 0.61889708 | N6: 76.692784 | O6: 47.46494 | P6: 6.6064638e+08
C7: 37915.917 | D7: 24626.859 | E7: =D7/C7 -> 0.64951243 | F7: 81.099051 | G7: =(H7/365)/C7 -> 52.674841 | H7: =D7*F7*365 -> 7.2898344e+08 | K7: 37915.917 | L7: 24626.859 | M7: 0.64951243 | N7: 81.099051 | O7: 52.674841 | P7: 7.2898344e+08
C8: 38175.25 | D8: 24924.992 | E8: =D8/C8 -> 0.65290973 | F8: 86.189575 | G8: =(H8/365)/C8 -> 56.274013 | H8: =D8*F8*365 -> 7.8412019e+08 | K8: 38175.25 | L8: 24924.992 | M8: 0.65290973 | N8: 86.189575 | O8: 56.274013 | P8: 7.8412019e+08
C9: 38397.917 | D9: 25714.307 | E9: =D9/C9 -> 0.66967974 | F9: 89.990085 | G9: =(H9/365)/C9 -> 60.264536 | H9: =D9*F9*365 -> 8.4462192e+08 | K9: 38397.917 | L9: 25714.307 | M9: 0.66967974 | N9: 89.990085 | O9: 60.264536 | P9: 8.4462192e+08
C10: 38655.583 | D10: 26162.708 | E10: =D10/C10 -> 0.67681575 | F10: 93.78783 | G10: =(H10/365)/C10 -> 63.477081 | H10: =D10*F10*365 -> 8.9561641e+08 | K10: 38655.583 | L10: 26162.708 | M10: 0.67681575 | N10: 93.78783 | O10: 63.477081 | P10: 8.9561641e+08
B11: 2019 | C11: 39760.833 | D11: 26961.308 | E11: =D11/C11 -> 0.67808709 | F11: 93.608352 | G11: =(H11/365)/C11 -> 63.474615 | H11: =D11*F11*365 -> 9.211883e+08 | J11: 2019 | K11: 39760.833 | L11: 26961.308 | M11: 0.67808709 | N11: 93.608352 | O11: 63.474615 | P11: 9.211883e+08
B12: 2020 | C12: 41031.583 | D12: 23780.102 | E12: =D12/C12 -> 0.57955603 | F12: 90.158474 | G12: =(H12/365)/C12 -> 52.251888 | H12: =D12*F12*365 -> 7.8255185e+08 | J12: 2020 | K12: 41031.583 | L12: 23780.102 | M12: 0.57955603 | N12: 90.158474 | O12: 52.251888 | P12: 7.8255185e+08
B13: 2021 | C13: 41949.083 | D13: 28412.853 | E13: =D13/C13 -> 0.67731762 | F13: 105.51051 | G13: =(H13/365)/C13 -> 71.464127 | H13: =D13*F13*365 -> 1.0942169e+09 | J13: 2021 | K13: 41949.083 | L13: 28412.853 | M13: 0.67731762 | N13: 105.51051 | O13: 71.464127 | P13: 1.0942169e+09
B14: 2022 | C14: 42146 | D14: 26770.812 | E14: =D14/C14 -> 0.63519224 | F14: 117.47886 | G14: =(H14/365)/C14 -> 74.621663 | H14: =D14*F14*365 -> 1.1479267e+09 | J14: 2022 | K14: 42146 | L14: 26770.812 | M14: 0.63519224 | N14: 117.47886 | O14: 74.621663 | P14: 1.1479267e+09
B15: 2023 | C15: 42024.169 | D15: 25929.042 | E15: =D15/C15 -> 0.61700308 | F15: 120.86474 | G15: =(H15/365)/C15 -> 74.573919 | H15: =D15*F15*365 -> 1.1438761e+09 | J15: 2023 | K15: 42024.169 | L15: 25929.042 | M15: 0.61700308 | N15: 120.86474 | O15: 74.573919 | P15: 1.1438761e+09
B16: 2024 | C16: 42963.417 | D16: 25640.868 | E16: =D16/C16 -> 0.59680701 | F16: 120.17506 | G16: =(H16/365)/C16 -> 71.721321 | H16: =D16*F16*365 -> 1.1247084e+09 | J16: 2024 | K16: 42963.417 | L16: 25640.868 | M16: 0.59680701 | N16: 120.17506 | O16: 71.721321 | P16: 1.1247084e+09
B17: 2025 | C17: 43066.083 | D17: 25922.216 | E17: =D17/C17 -> 0.6019172 | F17: 118.84368 | G17: =(H17/365)/C17 -> 71.534058 | H17: =D17*F17*365 -> 1.1244525e+09 | J17: 2025 | K17: 43066.083 | L17: 25922.216 | M17: 0.6019172 | N17: 118.84368 | O17: 71.534058 | P17: 1.1244525e+09 | R17: =C17-K17 -> 0 | S17: =D17-L17 -> 0 | T17: =E17-M17 -> 0 | U17: =F17-N17 -> 0 | V17: =G17-O17 -> 0 | W17: =H17-P17 -> 0
B18: 2026 | C18: 43861.667 | D18: 26488.492 | E18: =D18/C18 -> 0.60390983 | F18: 119.55295 | G18: =(H18/365)/C18 -> 72.199204 | H18: =D18*F18*365 -> 1.1558738e+09 | J18: 2026 | K18: 44317.208 | L18: 26232.155 | M18: 0.59191804 | N18: 119.87801 | O18: 70.957955 | P18: 1.1478003e+09 | R18: =C18-K18 -> -455.54167 | S18: =D18-L18 -> 256.33662 | T18: =E18-M18 -> 0.011991791 | U18: =F18-N18 -> -0.32505399 | V18: =G18-O18 -> 1.2412487 | W18: =H18-P18 -> 8073410.7
B19: 2027 | C19: 44892.9 | D19: 26831.821 | E19: =D19/C19 -> 0.59768519 | F19: 120.65567 | G19: =(H19/365)/C19 -> 72.114105 | H19: =D19*F19*365 -> 1.1816551e+09 | J19: 2027 | K19: 44950.625 | L19: 26727.61 | M19: 0.59459929 | N19: 121.2238 | O19: 72.079584 | P19: 1.1826082e+09 | R19: =C19-K19 -> -57.725 | S19: =D19-L19 -> 104.2116 | T19: =E19-M19 -> 0.0030858964 | U19: =F19-N19 -> -0.56813036 | V19: =G19-O19 -> 0.034520989 | W19: =H19-P19 -> -953032.04
B20: 2028 | C20: 47061.383 | D20: 27203.242 | E20: =D20/C20 -> 0.57803745 | F20: 122.56169 | G20: =(H20/365)/C20 -> 70.845248 | H20: =D20*F20*365 -> 1.2169375e+09 | J20: 2028 | K20: 45434.236 | L20: 27173.394 | M20: 0.5980819 | N20: 123.14156 | O20: 73.648738 | P20: 1.2213536e+09 | R20: =C20-K20 -> 1627.1475 | S20: =D20-L20 -> 29.847703 | T20: =E20-M20 -> -0.020044455 | U20: =F20-N20 -> -0.57986673 | V20: =G20-O20 -> -2.8034901 | W20: =H20-P20 -> -4416048.3
B21: 2029 | C21: 47401.384 | D21: 27630.594 | E21: =D21/C21 -> 0.5829069 | F21: 124.58814 | G21: =(H21/365)/C21 -> 72.623286 | H21: =D21*F21*365 -> 1.2564922e+09 | J21: 2029 | K21: 45762.481 | L21: 27587.429 | M21: 0.60283944 | N21: 125.18366 | O21: 75.465649 | P21: 1.2605258e+09 | R21: =C21-K21 -> 1638.903 | S21: =D21-L21 -> 43.165577 | T21: =E21-M21 -> -0.019932536 | U21: =F21-N21 -> -0.59552374 | V21: =G21-O21 -> -2.8423628 | W21: =H21-P21 -> -4033633.2
B23: Growth | J23: Growth
C24: =C6/C5-1 -> -0.0066031673 | D24: =D6/D5-1 -> 0.016557915 | E24: =E6/E5-1 -> 0.023315035 | F24: =F6/F5-1 -> #DIV/0! | G24: =G6/G5-1 -> #DIV/0! | H24: =H6/H5-1 -> #DIV/0!
C25: =C7/C6-1 -> -0.0056980239 | D25: =D7/D6-1 -> 0.043487693 | E25: =E7/E6-1 -> 0.049467584 | F25: =F7/F6-1 -> 0.057453474 | G25: =G7/G6-1 -> 0.10976314 | H25: =H7/H6-1 -> 0.10343969
C26: =C8/C7-1 -> 0.0068396957 | D26: =D8/D7-1 -> 0.012106018 | E26: =E8/E7-1 -> 0.0052305468 | F26: =F8/F7-1 -> 0.062769225 | G26: =G8/G7-1 -> 0.068328089 | H26: =H8/H7-1 -> 0.075635128
C27: =C9/C8-1 -> 0.0058327494 | D27: =D9/D8-1 -> 0.031667596 | E27: =E9/E8-1 -> 0.025685032 | F27: =F9/F8-1 -> 0.044094768 | G27: =G9/G8-1 -> 0.070912375 | H27: =H9/H8-1 -> 0.077158739
C28: =C10/C9-1 -> 0.0067104335 | D28: =D10/D9-1 -> 0.017437797 | E28: =E10/E9-1 -> 0.010655858 | F28: =F10/F9-1 -> 0.042201824 | G28: =G10/G9-1 -> 0.053307378 | H28: =H10/H9-1 -> 0.060375528
B29: =B11 -> 2019 | C29: =C11/C10-1 -> 0.028592247 | D29: =D11/D10-1 -> 0.030524362 | E29: =E11/E10-1 -> 0.0018784069 | F29: =F11/F10-1 -> -0.0019136648 | G29: =G11/G10-1 -> -3.8852598e-05 | H29: =H11/H10-1 -> 0.028552284 | J29: =J11 -> 2019 | K29: =K11/K10-1 -> 0.028592247 | L29: =L11/L10-1 -> 0.030524362 | M29: =M11/M10-1 -> 0.0018784069 | N29: =N11/N10-1 -> -0.0019136648 | O29: =O11/O10-1 -> -3.8852598e-05 | P29: =P11/P10-1 -> 0.028552284 | R29: =C29-K29 -> 0 | S29: =D29-L29 -> 0 | T29: =E29-M29 -> 0 | U29: =F29-N29 -> 0 | V29: =G29-O29 -> 0 | W29: =H29-P29 -> 0
B30: =B12 -> 2020 | C30: =C12/C11-1 -> 0.031959843 | D30: =D12/D11-1 -> -0.11799153 | E30: =E12/E11-1 -> -0.14530737 | F30: =F12/F11-1 -> -0.036854384 | G30: =G12/G11-1 -> -0.17680654 | H30: =H12/H11-1 -> -0.15049741 | J30: =J12 -> 2020 | K30: =K12/K11-1 -> 0.031959843 | L30: =L12/L11-1 -> -0.11799153 | M30: =M12/M11-1 -> -0.14530737 | N30: =N12/N11-1 -> -0.036854384 | O30: =O12/O11-1 -> -0.17680654 | P30: =P12/P11-1 -> -0.15049741 | R30: =C30-K30 -> 0 | S30: =D30-L30 -> 0 | T30: =E30-M30 -> 0 | U30: =F30-N30 -> 0 | V30: =G30-O30 -> 0 | W30: =H30-P30 -> 0
B31: =B13 -> 2021 | C31: =C13/C12-1 -> 0.022360824 | D31: =D13/D12-1 -> 0.19481631 | E31: =E13/E12-1 -> 0.16868358 | F31: =F13/F12-1 -> 0.17027834 | G31: =G13/G12-1 -> 0.36768508 | H31: =H13/H12-1 -> 0.39826765 | J31: =J13 -> 2021 | K31: =K13/K12-1 -> 0.022360824 | L31: =L13/L12-1 -> 0.19481631 | M31: =M13/M12-1 -> 0.16868358 | N31: =N13/N12-1 -> 0.17027834 | O31: =O13/O12-1 -> 0.36768508 | P31: =P13/P12-1 -> 0.39826765 | R31: =C31-K31 -> 0 | S31: =D31-L31 -> 0 | T31: =E31-M31 -> 0 | U31: =F31-N31 -> 0 | V31: =G31-O31 -> 0 | W31: =H31-P31 -> 0
B32: =B14 -> 2022 | C32: =C14/C13-1 -> 0.0046941828 | D32: =D14/D13-1 -> -0.057792192 | E32: =E14/E13-1 -> -0.062194423 | F32: =F14/F13-1 -> 0.11343282 | G32: =G14/G13-1 -> 0.044183508 | H32: =H14/H13-1 -> 0.049085097 | J32: =J14 -> 2022 | K32: =K14/K13-1 -> 0.0046941828 | L32: =L14/L13-1 -> -0.057792192 | M32: =M14/M13-1 -> -0.062194423 | N32: =N14/N13-1 -> 0.11343282 | O32: =O14/O13-1 -> 0.044183508 | P32: =P14/P13-1 -> 0.049085097 | R32: =C32-K32 -> 0 | S32: =D32-L32 -> 0 | T32: =E32-M32 -> 0 | U32: =F32-N32 -> 0 | V32: =G32-O32 -> 0 | W32: =H32-P32 -> 0
B33: 2023 | C33: =C15/C14-1 -> -0.0028906811 | D33: =D15/D14-1 -> -0.031443586 | E33: =E15/E14-1 -> -0.028635682 | F33: =F15/F14-1 -> 0.028821183 | G33: =G15/G14-1 -> -0.00063981292 | H33: =H15/H14-1 -> -0.0035286445 | J33: 2023 | K33: =K15/K14-1 -> -0.0028906811 | L33: =L15/L14-1 -> -0.031443586 | M33: =M15/M14-1 -> -0.028635682 | N33: =N15/N14-1 -> 0.028821183 | O33: =O15/O14-1 -> -0.00063981292 | P33: =P15/P14-1 -> -0.0035286445 | R33: =C33-K33 -> 0 | S33: =D33-L33 -> 0 | T33: =E33-M33 -> 0 | U33: =F33-N33 -> 0 | V33: =G33-O33 -> 0 | W33: =H33-P33 -> 0
B34: 2024 | C34: =C16/C15-1 -> 0.02235017 | D34: =D16/D15-1 -> -0.011113929 | E34: =E16/E15-1 -> -0.032732521 | F34: =F16/F15-1 -> -0.0057062064 | G34: =G16/G15-1 -> -0.038251949 | H34: =H16/H15-1 -> -0.016756717 | J34: 2024 | K34: =K16/K15-1 -> 0.02235017 | L34: =L16/L15-1 -> -0.011113929 | M34: =M16/M15-1 -> -0.032732521 | N34: =N16/N15-1 -> -0.0057062064 | O34: =O16/O15-1 -> -0.038251949 | P34: =P16/P15-1 -> -0.016756717 | R34: =C34-K34 -> 0 | S34: =D34-L34 -> 0 | T34: =E34-M34 -> 0 | U34: =F34-N34 -> 0 | V34: =G34-O34 -> 0 | W34: =H34-P34 -> 0
B35: 2025 | C35: =C17/C16-1 -> 0.0023896299 | D35: =D17/D16-1 -> 0.010972634 | E35: =E17/E16-1 -> 0.0085625431 | F35: =F17/F16-1 -> -0.011078667 | G35: =G17/G16-1 -> -0.002610985 | H35: =H17/H16-1 -> -0.00022759435 | J35: 2025 | K35: =K17/K16-1 -> 0.0023896299 | L35: =L17/L16-1 -> 0.010972634 | M35: =M17/M16-1 -> 0.0085625431 | N35: =N17/N16-1 -> -0.011078667 | O35: =O17/O16-1 -> -0.002610985 | P35: =P17/P16-1 -> -0.00022759435 | R35: =C35-K35 -> 0 | S35: =D35-L35 -> 0 | T35: =E35-M35 -> 0 | U35: =F35-N35 -> 0 | V35: =G35-O35 -> 0 | W35: =H35-P35 -> 0
B36: 2026 | C36: =C18/C17-1 -> 0.018473547 | D36: =D18/D17-1 -> 0.02184518 | E36: =E18/E17-1 -> 0.0033104761 | F36: =F18/F17-1 -> 0.005968077 | G36: =G18/G17-1 -> 0.0092983103 | H36: =H18/H17-1 -> 0.027943631 | J36: 2026 | K36: =K18/K17-1 -> 0.029051284 | L36: =L18/L17-1 -> 0.011956495 | M36: =M18/M17-1 -> -0.016612183 | N36: =N18/N17-1 -> 0.008703216 | O36: =O18/O17-1 -> -0.0080535466 | P36: =P18/P17-1 -> 0.020763771 | R36: =C36-K36 -> -0.010577736 | S36: =D36-L36 -> 0.0098886846 | T36: =E36-M36 -> 0.019922659 | U36: =F36-N36 -> -0.0027351389 | V36: =G36-O36 -> 0.017351857 | W36: =H36-P36 -> 0.0071798594
B37: 2027 | C37: =C19/C18-1 -> 0.023511038 | D37: =D19/D18-1 -> 0.012961459 | E37: =E19/E18-1 -> -0.010307245 | F37: =F19/F18-1 -> 0.0092236505 | G37: =G19/G18-1 -> -0.0011786653 | H37: =H19/H18-1 -> 0.022304662 | J37: 2027 | K37: =K19/K18-1 -> 0.014292793 | L37: =L19/L18-1 -> 0.018887298 | M37: =M19/M18-1 -> 0.0045297624 | N37: =N19/N18-1 -> 0.011226338 | O37: =O19/O18-1 -> 0.015806953 | P37: =P19/P18-1 -> 0.030325671 | R37: =C37-K37 -> 0.0092182459 | S37: =D37-L37 -> -0.0059258388 | T37: =E37-M37 -> -0.014837008 | U37: =F37-N37 -> -0.0020026875 | V37: =G37-O37 -> -0.016985618 | W37: =H37-P37 -> -0.0080210095
B38: 2028 | C38: =C20/C19-1 -> 0.048303481 | D38: =D20/D19-1 -> 0.013842544 | E38: =E20/E19-1 -> -0.032873054 | F38: =F20/F19-1 -> 0.015797231 | G38: =G20/G19-1 -> -0.017595127 | H38: =H20/H19-1 -> 0.029858448 | J38: 2028 | K38: =K20/K19-1 -> 0.010758712 | L38: =L20/L19-1 -> 0.016678804 | M38: =M20/M19-1 -> 0.0058570771 | N38: =N20/N19-1 -> 0.015820011 | O38: =O20/O19-1 -> 0.021769747 | P38: =P20/P19-1 -> 0.032762673 | R38: =C38-K38 -> 0.037544769 | S38: =D38-L38 -> -0.0028362599 | T38: =E38-M38 -> -0.038730131 | U38: =F38-N38 -> -2.2780121e-05 | V38: =G38-O38 -> -0.039364873 | W38: =H38-P38 -> -0.002904225
B39: 2029 | C39: =C21/C20-1 -> 0.0072246316 | D39: =D21/D20-1 -> 0.015709612 | E39: =E21/E20-1 -> 0.0084241189 | F39: =F21/F20-1 -> 0.016534081 | G39: =G21/G20-1 -> 0.025097485 | H39: =H21/H20-1 -> 0.032503437 | J39: 2029 | K39: =K21/K20-1 -> 0.0072246316 | L39: =L21/L20-1 -> 0.01523676 | M39: =M21/M20-1 -> 0.0079546591 | N39: =N21/N20-1 -> 0.016583369 | O39: =O21/O20-1 -> 0.024669944 | P39: =P21/P20-1 -> 0.032072807 | R39: =C39-K39 -> 0 | S39: =D39-L39 -> 0.00047285143 | T39: =E39-M39 -> 0.00046945976 | U39: =F39-N39 -> -4.9288313e-05 | V39: =G39-O39 -> 0.00042754146 | W39: =H39-P39 -> 0.00043063029
B41: Source: CoStar; Tourism Economics

Sheet Deserts
B1: Forecast summary: Annual, Deserts
K2: Prior forecast | R2: Current compared to prior (difference)
C3: Hotel supply (daily) | D3: Hotel room demand (daily) | E3: Occupancy | F3: ADR | G3: RevPAR | H3: Room revenue | K3: Hotel supply (daily) | L3: Hotel room demand (daily) | M3: Occupancy | N3: ADR | O3: RevPAR | P3: Room revenue | R3: Hotel supply (daily) | S3: Hotel room demand (daily) | T3: Occupancy | U3: ADR | V3: RevPAR | W3: Room revenue
B4: Levels | J4: Levels
C5: 23456.452 | D5: 14478.144 | E5: =D5/C5 -> 0.61723504 | F5: 0 | G5: =(H5/365)/C5 -> 0 | H5: =D5*F5*365 -> 0 | K5: 23456.452 | L5: 14478.144 | M5: 0.61723504 | N5: 0 | O5: 0 | P5: 0
C6: 23926.876 | D6: 13705.853 | E6: =D6/C6 -> 0.57282251 | F6: 114.10094 | G6: =(H6/365)/C6 -> 65.359585 | H6: =D6*F6*365 -> 5.7080551e+08 | K6: 23926.876 | L6: 13705.853 | M6: 0.57282251 | N6: 114.10094 | O6: 65.359585 | P6: 5.7080551e+08
C7: 24315 | D7: 14166.399 | E7: =D7/C7 -> 0.58261973 | F7: 119.74856 | G7: =(H7/365)/C7 -> 69.767876 | H7: =D7*F7*365 -> 6.1918815e+08 | K7: 24315 | L7: 14166.399 | M7: 0.58261973 | N7: 119.74856 | O7: 69.767876 | P7: 6.1918815e+08
C8: 24295.5 | D8: 14583.947 | E8: =D8/C8 -> 0.60027361 | F8: 128.03542 | G8: =(H8/365)/C8 -> 76.856284 | H8: =D8*F8*365 -> 6.8155057e+08 | K8: 24295.5 | L8: 14583.947 | M8: 0.60027361 | N8: 128.03542 | O8: 76.856284 | P8: 6.8155057e+08
C9: 24537.917 | D9: 14873.621 | E9: =D9/C9 -> 0.6061485 | F9: 130.83359 | G9: =(H9/365)/C9 -> 79.304583 | H9: =D9*F9*365 -> 7.1027878e+08 | K9: 24537.917 | L9: 14873.621 | M9: 0.6061485 | N9: 130.83359 | O9: 79.304583 | P9: 7.1027878e+08
C10: 24859.75 | D10: 15376.351 | E10: =D10/C10 -> 0.61852394 | F10: 136.23767 | G10: =(H10/365)/C10 -> 84.266258 | H10: =D10*F10*365 -> 7.6461591e+08 | K10: 24859.75 | L10: 15376.351 | M10: 0.61852394 | N10: 136.23767 | O10: 84.266258 | P10: 7.6461591e+08
B11: 2019 | C11: 26397.667 | D11: 16246.356 | E11: =D11/C11 -> 0.61544667 | F11: 134.36827 | G11: =(H11/365)/C11 -> 82.696503 | H11: =D11*F11*365 -> 7.9679308e+08 | J11: 2019 | K11: 26397.667 | L11: 16246.356 | M11: 0.61544667 | N11: 134.36827 | O11: 82.696503 | P11: 7.9679308e+08
B12: 2020 | C12: 23893 | D12: 11375.421 | E12: =D12/C12 -> 0.47609848 | F12: 118.4921 | G12: =(H12/365)/C12 -> 56.413911 | H12: =D12*F12*365 -> 4.9198262e+08 | J12: 2020 | K12: 23893 | L12: 11375.421 | M12: 0.47609848 | N12: 118.4921 | O12: 56.413911 | P12: 4.9198262e+08
B13: 2021 | C13: 27355.583 | D13: 15566.877 | E13: =D13/C13 -> 0.56905668 | F13: 143.70538 | G13: =(H13/365)/C13 -> 81.776506 | H13: =D13*F13*365 -> 8.1652107e+08 | J13: 2021 | K13: 27355.583 | L13: 15566.877 | M13: 0.56905668 | N13: 143.70538 | O13: 81.776506 | P13: 8.1652107e+08
B14: 2022 | C14: 27786.833 | D14: 17101.899 | E14: =D14/C14 -> 0.61546773 | F14: 174.27586 | G14: =(H14/365)/C14 -> 107.26117 | H14: =D14*F14*365 -> 1.0878636e+09 | J14: 2022 | K14: 27786.833 | L14: 17101.899 | M14: 0.61546773 | N14: 174.27586 | O14: 107.26117 | P14: 1.0878636e+09
B15: 2023 | C15: 27870.806 | D15: 16917.991 | E15: =D15/C15 -> 0.60701477 | F15: 180.2448 | G15: =(H15/365)/C15 -> 109.41125 | H15: =D15*F15*365 -> 1.1130237e+09 | J15: 2023 | K15: 27870.806 | L15: 16917.991 | M15: 0.60701477 | N15: 180.2448 | O15: 109.41125 | P15: 1.1130237e+09
B16: 2024 | C16: 28026.833 | D16: 16346.015 | E16: =D16/C16 -> 0.58322731 | F16: 178.44596 | G16: =(H16/365)/C16 -> 104.07456 | H16: =D16*F16*365 -> 1.0646613e+09 | J16: 2024 | K16: 28026.833 | L16: 16346.015 | M16: 0.58322731 | N16: 178.44596 | O16: 104.07456 | P16: 1.0646613e+09
B17: 2025 | C17: 28269.5 | D17: 16460.402 | E17: =D17/C17 -> 0.58226717 | F17: 181.3663 | G17: =(H17/365)/C17 -> 105.60364 | H17: =D17*F17*365 -> 1.0896572e+09 | J17: 2025 | K17: 28269.5 | L17: 16460.402 | M17: 0.58226717 | N17: 181.3663 | O17: 105.60364 | P17: 1.0896572e+09 | R17: =C17-K17 -> 0 | S17: =D17-L17 -> 0 | T17: =E17-M17 -> 0 | U17: =F17-N17 -> 0 | V17: =G17-O17 -> 0 | W17: =H17-P17 -> 0
B18: 2026 | C18: 28606.75 | D18: 16673.724 | E18: =D18/C18 -> 0.58285977 | F18: 185.54552 | G18: =(H18/365)/C18 -> 108.14702 | H18: =D18*F18*365 -> 1.1292132e+09 | J18: 2026 | K18: 28677 | L18: 16645.241 | M18: 0.58043873 | N18: 183.75144 | O18: 106.65645 | P18: 1.1163843e+09 | R18: =C18-K18 -> -70.25 | S18: =D18-L18 -> 28.482443 | T18: =E18-M18 -> 0.0024210462 | U18: =F18-N18 -> 1.7940842 | V18: =G18-O18 -> 1.4905702 | W18: =H18-P18 -> 12828930
B19: 2027 | C19: 28941.283 | D19: 16922.332 | E19: =D19/C19 -> 0.58471257 | F19: 187.7298 | G19: =(H19/365)/C19 -> 109.76797 | H19: =D19*F19*365 -> 1.1595415e+09 | J19: 2027 | K19: 29030.85 | L19: 16942.325 | M19: 0.58359726 | N19: 186.161 | O19: 108.64305 | P19: 1.15121e+09 | R19: =C19-K19 -> -89.566667 | S19: =D19-L19 -> -19.992355 | T19: =E19-M19 -> 0.0011153101 | U19: =F19-N19 -> 1.5687951 | V19: =G19-O19 -> 1.1249215 | W19: =H19-P19 -> 8331444.5
B20: 2028 | C20: 29261.967 | D20: 17219.019 | E20: =D20/C20 -> 0.58844366 | F20: 190.95486 | G20: =(H20/365)/C20 -> 112.36618 | H20: =D20*F20*365 -> 1.2001402e+09 | J20: 2028 | K20: 29293.522 | L20: 17255.535 | M20: 0.58905633 | N20: 189.45974 | O20: 111.60246 | P20: 1.1932686e+09 | R20: =C20-K20 -> -31.555388 | S20: =D20-L20 -> -36.515808 | T20: =E20-M20 -> -0.00061266925 | U20: =F20-N20 -> 1.4951261 | V20: =G20-O20 -> 0.76372132 | W20: =H20-P20 -> 6871610.1
B21: 2029 | C21: 29430.425 | D21: 17520.174 | E21: =D21/C21 -> 0.59530824 | F21: 194.31764 | G21: =(H21/365)/C21 -> 115.67889 | H21: =D21*F21*365 -> 1.2426348e+09 | J21: 2029 | K21: 29462.162 | L21: 17538.479 | M21: 0.59528825 | N21: 192.88101 | O21: 114.8198 | P21: 1.2347365e+09 | R21: =C21-K21 -> -31.73705 | S21: =D21-L21 -> -18.304505 | T21: =E21-M21 -> 1.9985698e-05 | U21: =F21-N21 -> 1.4366278 | V21: =G21-O21 -> 0.85909123 | W21: =H21-P21 -> 7898373.1
B23: Growth | J23: Growth
C24: =C6/C5-1 -> 0.020055206 | D24: =D6/D5-1 -> -0.053341841 | E24: =E6/E5-1 -> -0.071953995 | F24: =F6/F5-1 -> #DIV/0! | G24: =G6/G5-1 -> #DIV/0! | H24: =H6/H5-1 -> #DIV/0!
C25: =C7/C6-1 -> 0.016221247 | D25: =D7/D6-1 -> 0.033602099 | E25: =E7/E6-1 -> 0.017103413 | F25: =F7/F6-1 -> 0.049496757 | G25: =G7/G6-1 -> 0.067446733 | H25: =H7/H6-1 -> 0.084762051
C26: =C8/C7-1 -> -0.00080197409 | D26: =D8/D7-1 -> 0.029474577 | E26: =E8/E7-1 -> 0.030300852 | F26: =F8/F7-1 -> 0.06920215 | G26: =G8/G7-1 -> 0.10159989 | H26: =H8/H7-1 -> 0.10071643
C27: =C9/C8-1 -> 0.0099778423 | D27: =D9/D8-1 -> 0.019862528 | E27: =E9/E8-1 -> 0.0097870322 | F27: =F9/F8-1 -> 0.021854632 | G27: =G9/G8-1 -> 0.031855556 | H27: =H9/H8-1 -> 0.042151248
C28: =C10/C9-1 -> 0.013115756 | D28: =D10/D9-1 -> 0.033800045 | E28: =E10/E9-1 -> 0.020416511 | F28: =F10/F9-1 -> 0.041304975 | G28: =G10/G9-1 -> 0.062564789 | H28: =H10/H9-1 -> 0.076501129
B29: =B11 -> 2019 | C29: =C11/C10-1 -> 0.061863722 | D29: =D11/D10-1 -> 0.056580751 | E29: =E11/E10-1 -> -0.0049751879 | F29: =F11/F10-1 -> -0.013721586 | G29: =G11/G10-1 -> -0.018628506 | H29: =H11/H10-1 -> 0.042082787 | J29: =J11 -> 2019 | K29: =K11/K10-1 -> 0.061863722 | L29: =L11/L10-1 -> 0.056580751 | M29: =M11/M10-1 -> -0.0049751879 | N29: =N11/N10-1 -> -0.013721586 | O29: =O11/O10-1 -> -0.018628506 | P29: =P11/P10-1 -> 0.042082787 | R29: =C29-K29 -> 0 | S29: =D29-L29 -> 0 | T29: =E29-M29 -> 0 | U29: =F29-N29 -> 0 | V29: =G29-O29 -> 0 | W29: =H29-P29 -> 0
B30: =B12 -> 2020 | C30: =C12/C11-1 -> -0.094882123 | D30: =D12/D11-1 -> -0.29981708 | E30: =E12/E11-1 -> -0.22641797 | F30: =F12/F11-1 -> -0.11815412 | G30: =G12/G11-1 -> -0.31781987 | H30: =H12/H11-1 -> -0.38254657 | J30: =J12 -> 2020 | K30: =K12/K11-1 -> -0.094882123 | L30: =L12/L11-1 -> -0.29981708 | M30: =M12/M11-1 -> -0.22641797 | N30: =N12/N11-1 -> -0.11815412 | O30: =O12/O11-1 -> -0.31781987 | P30: =P12/P11-1 -> -0.38254657 | R30: =C30-K30 -> 0 | S30: =D30-L30 -> 0 | T30: =E30-M30 -> 0 | U30: =F30-N30 -> 0 | V30: =G30-O30 -> 0 | W30: =H30-P30 -> 0
B31: =B13 -> 2021 | C31: =C13/C12-1 -> 0.14492041 | D31: =D13/D12-1 -> 0.36846605 | E31: =E13/E12-1 -> 0.19524994 | F31: =F13/F12-1 -> 0.21278443 | G31: =G13/G12-1 -> 0.44958051 | H31: =H13/H12-1 -> 0.65965431 | J31: =J13 -> 2021 | K31: =K13/K12-1 -> 0.14492041 | L31: =L13/L12-1 -> 0.36846605 | M31: =M13/M12-1 -> 0.19524994 | N31: =N13/N12-1 -> 0.21278443 | O31: =O13/O12-1 -> 0.44958051 | P31: =P13/P12-1 -> 0.65965431 | R31: =C31-K31 -> 0 | S31: =D31-L31 -> 0 | T31: =E31-M31 -> 0 | U31: =F31-N31 -> 0 | V31: =G31-O31 -> 0 | W31: =H31-P31 -> 0
B32: =B14 -> 2022 | C32: =C14/C13-1 -> 0.015764606 | D32: =D14/D13-1 -> 0.098608205 | E32: =E14/E13-1 -> 0.081557871 | F32: =F14/F13-1 -> 0.21273026 | G32: =G14/G13-1 -> 0.31163796 | H32: =H14/H13-1 -> 0.33231542 | J32: =J14 -> 2022 | K32: =K14/K13-1 -> 0.015764606 | L32: =L14/L13-1 -> 0.098608205 | M32: =M14/M13-1 -> 0.081557871 | N32: =N14/N13-1 -> 0.21273026 | O32: =O14/O13-1 -> 0.31163796 | P32: =P14/P13-1 -> 0.33231542 | R32: =C32-K32 -> 0 | S32: =D32-L32 -> 0 | T32: =E32-M32 -> 0 | U32: =F32-N32 -> 0 | V32: =G32-O32 -> 0 | W32: =H32-P32 -> 0
B33: 2023 | C33: =C15/C14-1 -> 0.0030220471 | D33: =D15/D14-1 -> -0.010753674 | E33: =E15/E14-1 -> -0.013734215 | F33: =F15/F14-1 -> 0.034249932 | G33: =G15/G14-1 -> 0.02004532 | H33: =H15/H14-1 -> 0.023127945 | J33: 2023 | K33: =K15/K14-1 -> 0.0030220471 | L33: =L15/L14-1 -> -0.010753674 | M33: =M15/M14-1 -> -0.013734215 | N33: =N15/N14-1 -> 0.034249932 | O33: =O15/O14-1 -> 0.02004532 | P33: =P15/P14-1 -> 0.023127945 | R33: =C33-K33 -> 0 | S33: =D33-L33 -> 0 | T33: =E33-M33 -> 0 | U33: =F33-N33 -> 0 | V33: =G33-O33 -> 0 | W33: =H33-P33 -> 0
B34: 2024 | C34: =C16/C15-1 -> 0.0055982191 | D34: =D16/D15-1 -> -0.033808766 | E34: =E16/E15-1 -> -0.039187604 | F34: =F16/F15-1 -> -0.0099799926 | G34: =G16/G15-1 -> -0.048776505 | H34: =H16/H15-1 -> -0.043451347 | J34: 2024 | K34: =K16/K15-1 -> 0.0055982191 | L34: =L16/L15-1 -> -0.033808766 | M34: =M16/M15-1 -> -0.039187604 | N34: =N16/N15-1 -> -0.0099799926 | O34: =O16/O15-1 -> -0.048776505 | P34: =P16/P15-1 -> -0.043451347 | R34: =C34-K34 -> 0 | S34: =D34-L34 -> 0 | T34: =E34-M34 -> 0 | U34: =F34-N34 -> 0 | V34: =G34-O34 -> 0 | W34: =H34-P34 -> 0
B35: 2025 | C35: =C17/C16-1 -> 0.0086583691 | D35: =D17/D16-1 -> 0.006997858 | E35: =E17/E16-1 -> -0.0016462572 | F35: =F17/F16-1 -> 0.016365407 | G35: =G17/G16-1 -> 0.014692208 | H35: =H17/H16-1 -> 0.023477788 | J35: 2025 | K35: =K17/K16-1 -> 0.0086583691 | L35: =L17/L16-1 -> 0.006997858 | M35: =M17/M16-1 -> -0.0016462572 | N35: =N17/N16-1 -> 0.016365407 | O35: =O17/O16-1 -> 0.014692208 | P35: =P17/P16-1 -> 0.023477788 | R35: =C35-K35 -> 0 | S35: =D35-L35 -> 0 | T35: =E35-M35 -> 0 | U35: =F35-N35 -> 0 | V35: =G35-O35 -> 0 | W35: =H35-P35 -> 0
B36: 2026 | C36: =C18/C17-1 -> 0.011929818 | D36: =D18/D17-1 -> 0.012959711 | E36: =E18/E17-1 -> 0.0010177514 | F36: =F18/F17-1 -> 0.023042998 | G36: =G18/G17-1 -> 0.024084201 | H36: =H18/H17-1 -> 0.03630134 | J36: 2026 | K36: =K18/K17-1 -> 0.014414829 | L36: =L18/L17-1 -> 0.01122935 | M36: =M18/M17-1 -> -0.0031402131 | N36: =N18/N17-1 -> 0.013150949 | O36: =O18/O17-1 -> 0.0099694394 | P36: =P18/P17-1 -> 0.024527976 | R36: =C36-K36 -> -0.0024850103 | S36: =D36-L36 -> 0.0017303614 | T36: =E36-M36 -> 0.0041579645 | U36: =F36-N36 -> 0.0098920486 | V36: =G36-O36 -> 0.014114762 | W36: =H36-P36 -> 0.011773364
B37: 2027 | C37: =C19/C18-1 -> 0.01169421 | D37: =D19/D18-1 -> 0.01491019 | E37: =E19/E18-1 -> 0.0031788066 | F37: =F19/F18-1 -> 0.011772174 | G37: =G19/G18-1 -> 0.014988402 | H37: =H19/H18-1 -> 0.026857889 | J37: 2027 | K37: =K19/K18-1 -> 0.012339157 | L37: =L19/L18-1 -> 0.017847935 | M37: =M19/M18-1 -> 0.005441633 | N37: =N19/N18-1 -> 0.013113167 | O37: =O19/O18-1 -> 0.018626157 | P37: =P19/P18-1 -> 0.031195144 | R37: =C37-K37 -> -0.00064494712 | S37: =D37-L37 -> -0.0029377451 | T37: =E37-M37 -> -0.0022628265 | U37: =F37-N37 -> -0.001340993 | V37: =G37-O37 -> -0.003637755 | W37: =H37-P37 -> -0.0043372557
B38: 2028 | C38: =C20/C19-1 -> 0.011080481 | D38: =D20/D19-1 -> 0.017532252 | E38: =E20/E19-1 -> 0.0063810663 | F38: =F20/F19-1 -> 0.017179306 | G38: =G20/G19-1 -> 0.023669994 | H38: =H20/H19-1 -> 0.03501275 | J38: 2028 | K38: =K20/K19-1 -> 0.0090480318 | L38: =L20/L19-1 -> 0.01848684 | M38: =M20/M19-1 -> 0.0093541718 | N38: =N20/N19-1 -> 0.017719805 | O38: =O20/O19-1 -> 0.027239731 | P38: =P20/P19-1 -> 0.036534228 | R38: =C38-K38 -> 0.0020324489 | S38: =D38-L38 -> -0.00095458817 | T38: =E38-M38 -> -0.0029731055 | U38: =F38-N38 -> -0.00054049892 | V38: =G38-O38 -> -0.0035697363 | W38: =H38-P38 -> -0.0015214784
B39: 2029 | C39: =C21/C20-1 -> 0.0057569068 | D39: =D21/D20-1 -> 0.01748971 | E39: =E21/E20-1 -> 0.011665645 | F39: =F21/F20-1 -> 0.017610331 | G39: =G21/G20-1 -> 0.029481411 | H39: =H21/H20-1 -> 0.03540804 | J39: 2029 | K39: =K21/K20-1 -> 0.0057569068 | L39: =L21/L20-1 -> 0.016397309 | M39: =M21/M20-1 -> 0.010579497 | N39: =N21/N20-1 -> 0.018058067 | O39: =O21/O20-1 -> 0.028828609 | P39: =P21/P20-1 -> 0.03475148 | R39: =C39-K39 -> 0 | S39: =D39-L39 -> 0.0010924005 | T39: =E39-M39 -> 0.0010861476 | U39: =F39-N39 -> -0.0004477361 | V39: =G39-O39 -> 0.00065280211 | W39: =H39-P39 -> 0.00065656023
B41: Source: CoStar; Tourism Economics

Sheet Gold Country
B1: Forecast summary: Annual, Gold Country
K2: Prior forecast | R2: Current compared to prior (difference)
C3: Hotel supply (daily) | D3: Hotel room demand (daily) | E3: Occupancy | F3: ADR | G3: RevPAR | H3: Room revenue | K3: Hotel supply (daily) | L3: Hotel room demand (daily) | M3: Occupancy | N3: ADR | O3: RevPAR | P3: Room revenue | R3: Hotel supply (daily) | S3: Hotel room demand (daily) | T3: Occupancy | U3: ADR | V3: RevPAR | W3: Room revenue
B4: Levels | J4: Levels
C5: 20911.597 | D5: 14455.538 | E5: =D5/C5 -> 0.69126895 | F5: 0 | G5: =(H5/365)/C5 -> 0 | H5: =D5*F5*365 -> 0 | K5: 20911.597 | L5: 14455.538 | M5: 0.69126895 | N5: 0 | O5: 0 | P5: 0
C6: 21019.567 | D6: 13902.775 | E6: =D6/C6 -> 0.6614206 | F6: 93.875594 | G6: =(H6/365)/C6 -> 62.091252 | H6: =D6*F6*365 -> 4.763729e+08 | K6: 21019.567 | L6: 13902.775 | M6: 0.6614206 | N6: 93.875594 | O6: 62.091252 | P6: 4.763729e+08
C7: 20895.25 | D7: 14767.785 | E7: =D7/C7 -> 0.70675322 | F7: 99.969711 | G7: =(H7/365)/C7 -> 70.653914 | H7: =D7*F7*365 -> 5.3886089e+08 | K7: 20895.25 | L7: 14767.785 | M7: 0.70675322 | N7: 99.969711 | O7: 70.653914 | P7: 5.3886089e+08
C8: 20482.917 | D8: 14801.986 | E8: =D8/C8 -> 0.72265032 | F8: 106.06446 | G8: =(H8/365)/C8 -> 76.647516 | H8: =D8*F8*365 -> 5.7303711e+08 | K8: 20482.917 | L8: 14801.986 | M8: 0.72265032 | N8: 106.06446 | O8: 76.647516 | P8: 5.7303711e+08
C9: 20469.917 | D9: 15401.124 | E9: =D9/C9 -> 0.75237843 | F9: 113.2955 | G9: =(H9/365)/C9 -> 85.241087 | H9: =D9*F9*365 -> 6.3688045e+08 | K9: 20469.917 | L9: 15401.124 | M9: 0.75237843 | N9: 113.2955 | O9: 85.241087 | P9: 6.3688045e+08
C10: 20970.833 | D10: 15754.96 | E10: =D10/C10 -> 0.75127965 | F10: 119.32798 | G10: =(H10/365)/C10 -> 89.648684 | H10: =D10*F10*365 -> 6.8620278e+08 | K10: 20970.833 | L10: 15754.96 | M10: 0.75127965 | N10: 119.32798 | O10: 89.648684 | P10: 6.8620278e+08
B11: 2019 | C11: 20872.5 | D11: 15895.852 | E11: =D11/C11 -> 0.76156913 | F11: 119.72304 | G11: =(H11/365)/C11 -> 91.177369 | H11: =D11*F11*365 -> 6.9463137e+08 | J11: 2019 | K11: 20872.5 | L11: 15895.852 | M11: 0.76156913 | N11: 119.72304 | O11: 91.177369 | P11: 6.9463137e+08
B12: 2020 | C12: 21216.5 | D12: 11571.522 | E12: =D12/C12 -> 0.54540201 | F12: 101.86263 | G12: =(H12/365)/C12 -> 55.556083 | H12: =D12*F12*365 -> 4.3022756e+08 | J12: 2020 | K12: 21216.5 | L12: 11571.522 | M12: 0.54540201 | N12: 101.86263 | O12: 55.556083 | P12: 4.3022756e+08
B13: 2021 | C13: 21465.167 | D13: 14421.156 | E13: =D13/C13 -> 0.67183993 | F13: 118.20344 | G13: =(H13/365)/C13 -> 79.413792 | H13: =D13*F13*365 -> 6.2219005e+08 | J13: 2021 | K13: 21465.167 | L13: 14421.156 | M13: 0.67183993 | N13: 118.20344 | O13: 79.413792 | P13: 6.2219005e+08
B14: 2022 | C14: 21797.5 | D14: 14452.211 | E14: =D14/C14 -> 0.66302148 | F14: 138.18864 | G14: =(H14/365)/C14 -> 91.622037 | H14: =D14*F14*365 -> 7.2895294e+08 | J14: 2022 | K14: 21797.5 | L14: 14452.211 | M14: 0.66302148 | N14: 138.18864 | O14: 91.622037 | P14: 7.2895294e+08
B15: 2023 | C15: 22084.315 | D15: 14275.499 | E15: =D15/C15 -> 0.64640899 | F15: 145.29109 | G15: =(H15/365)/C15 -> 93.917469 | H15: =D15*F15*365 -> 7.5704757e+08 | J15: 2023 | K15: 22084.315 | L15: 14275.499 | M15: 0.64640899 | N15: 145.29109 | O15: 93.917469 | P15: 7.5704757e+08
B16: 2024 | C16: 22279.25 | D16: 14524.607 | E16: =D16/C16 -> 0.65193431 | F16: 143.93667 | G16: =(H16/365)/C16 -> 93.837256 | H16: =D16*F16*365 -> 7.6307765e+08 | J16: 2024 | K16: 22279.25 | L16: 14524.607 | M16: 0.65193431 | N16: 143.93667 | O16: 93.837256 | P16: 7.6307765e+08
B17: 2025 | C17: 22662.917 | D17: 14895.065 | E17: =D17/C17 -> 0.65724397 | F17: 145.63722 | G17: =(H17/365)/C17 -> 95.719186 | H17: =D17*F17*365 -> 7.9178572e+08 | J17: 2025 | K17: 22662.917 | L17: 14895.065 | M17: 0.65724397 | N17: 145.63722 | O17: 95.719186 | P17: 7.9178572e+08 | R17: =C17-K17 -> 0 | S17: =D17-L17 -> 0 | T17: =E17-M17 -> 0 | U17: =F17-N17 -> 0 | V17: =G17-O17 -> 0 | W17: =H17-P17 -> 0
B18: 2026 | C18: 22899.292 | D18: 15139.371 | E18: =D18/C18 -> 0.66112837 | F18: 146.2337 | G18: =(H18/365)/C18 -> 96.679249 | H18: =D18*F18*365 -> 8.080685e+08 | J18: 2026 | K18: 22958.875 | L18: 15074.585 | M18: 0.65659074 | N18: 147.08315 | O18: 96.573432 | P18: 8.0928434e+08 | R18: =C18-K18 -> -59.583333 | S18: =D18-L18 -> 64.786694 | T18: =E18-M18 -> 0.004537632 | U18: =F18-N18 -> -0.84944585 | V18: =G18-O18 -> 0.10581644 | W18: =H18-P18 -> -1215831.6
B19: 2027 | C19: 23261 | D19: 15353.854 | E19: =D19/C19 -> 0.66006851 | F19: 148.30983 | G19: =(H19/365)/C19 -> 97.894647 | H19: =D19*F19*365 -> 8.3115149e+08 | J19: 2027 | K19: 23426.3 | L19: 15327.96 | M19: 0.65430562 | N19: 149.61077 | O19: 97.891165 | P19: 8.3702815e+08 | R19: =C19-K19 -> -165.3 | S19: =D19-L19 -> 25.893907 | T19: =E19-M19 -> 0.0057628918 | U19: =F19-N19 -> -1.3009394 | V19: =G19-O19 -> 0.0034815386 | W19: =H19-P19 -> -5876655.3
B20: 2028 | C20: 24211.55 | D20: 15661.09 | E20: =D20/C20 -> 0.64684377 | F20: 150.80098 | G20: =(H20/365)/C20 -> 97.544675 | H20: =D20*F20*365 -> 8.6202334e+08 | J20: 2028 | K20: 23817.777 | L20: 15646.874 | M20: 0.65694099 | N20: 152.14867 | O20: 99.952699 | P20: 8.6893766e+08 | R20: =C20-K20 -> 393.77266 | S20: =D20-L20 -> 14.216172 | T20: =E20-M20 -> -0.010097215 | U20: =F20-N20 -> -1.3476916 | V20: =G20-O20 -> -2.4080238 | W20: =H20-P20 -> -6914321.8
B21: 2029 | C21: 24527.821 | D21: 15947.992 | E21: =D21/C21 -> 0.65020012 | F21: 153.14312 | G21: =(H21/365)/C21 -> 99.573673 | H21: =D21*F21*365 -> 8.9144871e+08 | J21: 2029 | K21: 24128.904 | L21: 15935.444 | M21: 0.66042965 | N21: 154.77932 | O21: 102.22085 | P21: 9.0026416e+08 | R21: =C21-K21 -> 398.91644 | S21: =D21-L21 -> 12.548131 | T21: =E21-M21 -> -0.010229531 | U21: =F21-N21 -> -1.6362012 | V21: =G21-O21 -> -2.6471781 | W21: =H21-P21 -> -8815455.5
B23: Growth | J23: Growth
C24: =C6/C5-1 -> 0.0051631765 | D24: =D6/D5-1 -> -0.038238833 | E24: =E6/E5-1 -> -0.043179068 | F24: =F6/F5-1 -> #DIV/0! | G24: =G6/G5-1 -> #DIV/0! | H24: =H6/H5-1 -> #DIV/0!
C25: =C7/C6-1 -> -0.0059143527 | D25: =D7/D6-1 -> 0.062218537 | E25: =E7/E6-1 -> 0.068538249 | F25: =F7/F6-1 -> 0.064916947 | G25: =G7/G6-1 -> 0.13790449 | H25: =H7/H6-1 -> 0.13117452
C26: =C8/C7-1 -> -0.019733352 | D26: =D8/D7-1 -> 0.0023159268 | E26: =E8/E7-1 -> 0.022493144 | F26: =F8/F7-1 -> 0.06096596 | G26: =G8/G7-1 -> 0.08483042 | H26: =H8/H7-1 -> 0.063423079
C27: =C9/C8-1 -> -0.00063467524 | D27: =D9/D8-1 -> 0.040476834 | E27: =E9/E8-1 -> 0.041137618 | F27: =F9/F8-1 -> 0.068175859 | G27: =G9/G8-1 -> 0.11211807 | H27: =H9/H8-1 -> 0.11141224
C28: =C10/C9-1 -> 0.02447087 | D28: =D10/D9-1 -> 0.022974724 | E28: =E10/E9-1 -> -0.0014604085 | F28: =F10/F9-1 -> 0.053245596 | G28: =G10/G9-1 -> 0.051707427 | H28: =H10/H9-1 -> 0.077443623
B29: =B11 -> 2019 | C29: =C11/C10-1 -> -0.0046890523 | D29: =D11/D10-1 -> 0.0089426656 | E29: =E11/E10-1 -> 0.013695939 | F29: =F11/F10-1 -> 0.0033106682 | G29: =G11/G10-1 -> 0.01705195 | H29: =H11/H10-1 -> 0.01228294 | J29: =J11 -> 2019 | K29: =K11/K10-1 -> -0.0046890523 | L29: =L11/L10-1 -> 0.0089426656 | M29: =M11/M10-1 -> 0.013695939 | N29: =N11/N10-1 -> 0.0033106682 | O29: =O11/O10-1 -> 0.01705195 | P29: =P11/P10-1 -> 0.01228294 | R29: =C29-K29 -> 0 | S29: =D29-L29 -> 0 | T29: =E29-M29 -> 0 | U29: =F29-N29 -> 0 | V29: =G29-O29 -> 0 | W29: =H29-P29 -> 0
B30: =B12 -> 2020 | C30: =C12/C11-1 -> 0.016481016 | D30: =D12/D11-1 -> -0.27204141 | E30: =E12/E11-1 -> -0.28384438 | F30: =F12/F11-1 -> -0.14918105 | G30: =G12/G11-1 -> -0.39068122 | H30: =H12/H11-1 -> -0.38063903 | J30: =J12 -> 2020 | K30: =K12/K11-1 -> 0.016481016 | L30: =L12/L11-1 -> -0.27204141 | M30: =M12/M11-1 -> -0.28384438 | N30: =N12/N11-1 -> -0.14918105 | O30: =O12/O11-1 -> -0.39068122 | P30: =P12/P11-1 -> -0.38063903 | R30: =C30-K30 -> 0 | S30: =D30-L30 -> 0 | T30: =E30-M30 -> 0 | U30: =F30-N30 -> 0 | V30: =G30-O30 -> 0 | W30: =H30-P30 -> 0
B31: =B13 -> 2021 | C31: =C13/C12-1 -> 0.011720438 | D31: =D13/D12-1 -> 0.2462627 | E31: =E13/E12-1 -> 0.23182517 | F31: =F13/F12-1 -> 0.1604201 | G31: =G13/G12-1 -> 0.42943468 | H31: =H13/H12-1 -> 0.44618828 | J31: =J13 -> 2021 | K31: =K13/K12-1 -> 0.011720438 | L31: =L13/L12-1 -> 0.2462627 | M31: =M13/M12-1 -> 0.23182517 | N31: =N13/N12-1 -> 0.1604201 | O31: =O13/O12-1 -> 0.42943468 | P31: =P13/P12-1 -> 0.44618828 | R31: =C31-K31 -> 0 | S31: =D31-L31 -> 0 | T31: =E31-M31 -> 0 | U31: =F31-N31 -> 0 | V31: =G31-O31 -> 0 | W31: =H31-P31 -> 0
B32: =B14 -> 2022 | C32: =C14/C13-1 -> 0.015482448 | D32: =D14/D13-1 -> 0.0021534094 | E32: =E14/E13-1 -> -0.013125819 | F32: =F14/F13-1 -> 0.1690746 | G32: =G14/G13-1 -> 0.15372954 | H32: =H14/H13-1 -> 0.17159209 | J32: =J14 -> 2022 | K32: =K14/K13-1 -> 0.015482448 | L32: =L14/L13-1 -> 0.0021534094 | M32: =M14/M13-1 -> -0.013125819 | N32: =N14/N13-1 -> 0.1690746 | O32: =O14/O13-1 -> 0.15372954 | P32: =P14/P13-1 -> 0.17159209 | R32: =C32-K32 -> 0 | S32: =D32-L32 -> 0 | T32: =E32-M32 -> 0 | U32: =F32-N32 -> 0 | V32: =G32-O32 -> 0 | W32: =H32-P32 -> 0
B33: 2023 | C33: =C15/C14-1 -> 0.013158138 | D33: =D15/D14-1 -> -0.012227276 | E33: =E15/E14-1 -> -0.025055728 | F33: =F15/F14-1 -> 0.051396792 | G33: =G15/G14-1 -> 0.02505328 | H33: =H15/H14-1 -> 0.038541073 | J33: 2023 | K33: =K15/K14-1 -> 0.013158138 | L33: =L15/L14-1 -> -0.012227276 | M33: =M15/M14-1 -> -0.025055728 | N33: =N15/N14-1 -> 0.051396792 | O33: =O15/O14-1 -> 0.02505328 | P33: =P15/P14-1 -> 0.038541073 | R33: =C33-K33 -> 0 | S33: =D33-L33 -> 0 | T33: =E33-M33 -> 0 | U33: =F33-N33 -> 0 | V33: =G33-O33 -> 0 | W33: =H33-P33 -> 0
B34: 2024 | C34: =C16/C15-1 -> 0.008826875 | D34: =D16/D15-1 -> 0.017450035 | E34: =E16/E15-1 -> 0.0085477101 | F34: =F16/F15-1 -> -0.0093221069 | G34: =G16/G15-1 -> -0.0008540795 | H34: =H16/H15-1 -> 0.0079652567 | J34: 2024 | K34: =K16/K15-1 -> 0.008826875 | L34: =L16/L15-1 -> 0.017450035 | M34: =M16/M15-1 -> 0.0085477101 | N34: =N16/N15-1 -> -0.0093221069 | O34: =O16/O15-1 -> -0.0008540795 | P34: =P16/P15-1 -> 0.0079652567 | R34: =C34-K34 -> 0 | S34: =D34-L34 -> 0 | T34: =E34-M34 -> 0 | U34: =F34-N34 -> 0 | V34: =G34-O34 -> 0 | W34: =H34-P34 -> 0
B35: 2025 | C35: =C17/C16-1 -> 0.017220807 | D35: =D17/D16-1 -> 0.025505542 | E35: =E17/E16-1 -> 0.0081444804 | F35: =F17/F16-1 -> 0.011814546 | G35: =G17/G16-1 -> 0.020055249 | H35: =H17/H16-1 -> 0.037621424 | J35: 2025 | K35: =K17/K16-1 -> 0.017220807 | L35: =L17/L16-1 -> 0.025505542 | M35: =M17/M16-1 -> 0.0081444804 | N35: =N17/N16-1 -> 0.011814546 | O35: =O17/O16-1 -> 0.020055249 | P35: =P17/P16-1 -> 0.037621424 | R35: =C35-K35 -> 0 | S35: =D35-L35 -> 0 | T35: =E35-M35 -> 0 | U35: =F35-N35 -> 0 | V35: =G35-O35 -> 0 | W35: =H35-P35 -> 0
B36: 2026 | C36: =C18/C17-1 -> 0.010430034 | D36: =D18/D17-1 -> 0.016401812 | E36: =E18/E17-1 -> 0.0059101344 | F36: =F18/F17-1 -> 0.0040956521 | G36: =G18/G17-1 -> 0.010029992 | H36: =H18/H17-1 -> 0.02056464 | J36: 2026 | K36: =K18/K17-1 -> 0.013059146 | L36: =L18/L17-1 -> 0.012052271 | M36: =M18/M17-1 -> -0.0009938955 | N36: =N18/N17-1 -> 0.0099282672 | O36: =O18/O17-1 -> 0.008924504 | P36: =P18/P17-1 -> 0.022100196 | R36: =C36-K36 -> -0.0026291114 | S36: =D36-L36 -> 0.0043495408 | T36: =E36-M36 -> 0.0069040299 | U36: =F36-N36 -> -0.0058326151 | V36: =G36-O36 -> 0.0011054883 | W36: =H36-P36 -> -0.0015355563
B37: 2027 | C37: =C19/C18-1 -> 0.015795612 | D37: =D19/D18-1 -> 0.014167184 | E37: =E19/E18-1 -> -0.0016031063 | F37: =F19/F18-1 -> 0.014197315 | G37: =G19/G18-1 -> 0.012571449 | H37: =H19/H18-1 -> 0.028565635 | J37: 2027 | K37: =K19/K18-1 -> 0.020359229 | L37: =L19/L18-1 -> 0.016808095 | M37: =M19/M18-1 -> -0.0034802788 | N37: =N19/N18-1 -> 0.01718497 | O37: =O19/O18-1 -> 0.013644883 | P37: =P19/P18-1 -> 0.034281911 | R37: =C37-K37 -> -0.004563617 | S37: =D37-L37 -> -0.0026409107 | T37: =E37-M37 -> 0.0018771725 | U37: =F37-N37 -> -0.0029876548 | V37: =G37-O37 -> -0.0010734336 | W37: =H37-P37 -> -0.0057162762
B38: 2028 | C38: =C20/C19-1 -> 0.040864537 | D38: =D20/D19-1 -> 0.020010393 | E38: =E20/E19-1 -> -0.020035406 | F38: =F20/F19-1 -> 0.01679696 | G38: =G20/G19-1 -> -0.0035749803 | H38: =H20/H19-1 -> 0.037143467 | J38: 2028 | K38: =K20/K19-1 -> 0.016711019 | L38: =L20/L19-1 -> 0.020806056 | M38: =M20/M19-1 -> 0.0040277296 | N38: =N20/N19-1 -> 0.016963394 | O38: =O20/O19-1 -> 0.021059448 | P38: =P20/P19-1 -> 0.038122391 | R38: =C38-K38 -> 0.024153518 | S38: =D38-L38 -> -0.00079566244 | T38: =E38-M38 -> -0.024063136 | U38: =F38-N38 -> -0.00016643423 | V38: =G38-O38 -> -0.024634428 | W38: =H38-P38 -> -0.00097892422
B39: 2029 | C39: =C21/C20-1 -> 0.013062808 | D39: =D21/D20-1 -> 0.018319386 | E39: =E21/E20-1 -> 0.0051887975 | F39: =F21/F20-1 -> 0.015531317 | G39: =G21/G20-1 -> 0.020800704 | H39: =H21/H20-1 -> 0.034135228 | J39: 2029 | K39: =K21/K20-1 -> 0.013062808 | L39: =L21/L20-1 -> 0.018442636 | M39: =M21/M20-1 -> 0.005310458 | N39: =N21/N20-1 -> 0.01728998 | O39: =O21/O20-1 -> 0.022692256 | P39: =P21/P20-1 -> 0.036051489 | R39: =C39-K39 -> 0 | S39: =D39-L39 -> -0.00012324974 | T39: =E39-M39 -> -0.00012166052 | U39: =F39-N39 -> -0.001758663 | V39: =G39-O39 -> -0.0018915524 | W39: =H39-P39 -> -0.0019162614
B41: Source: CoStar; Tourism Economics

Sheet High Siera
B1: Forecast summary: Annual, High Sierra
K2: Prior forecast | R2: Current compared to prior (difference)
C3: Hotel supply (daily) | D3: Hotel room demand (daily) | E3: Occupancy | F3: ADR | G3: RevPAR | H3: Room revenue | K3: Hotel supply (daily) | L3: Hotel room demand (daily) | M3: Occupancy | N3: ADR | O3: RevPAR | P3: Room revenue | R3: Hotel supply (daily) | S3: Hotel room demand (daily) | T3: Occupancy | U3: ADR | V3: RevPAR | W3: Room revenue
B4: Levels | J4: Levels
C5: 14199.528 | D5: 6796.2747 | E5: =D5/C5 -> 0.47862681 | F5: 0 | G5: =(H5/365)/C5 -> 0 | H5: =D5*F5*365 -> 0 | K5: 14199.528 | L5: 6796.2747 | M5: 0.47862681 | N5: 0 | O5: 0 | P5: 0
C6: 14393.053 | D6: 7913.8312 | E6: =D6/C6 -> 0.54983688 | F6: 137.46174 | G6: =(H6/365)/C6 -> 75.581534 | H6: =D6*F6*365 -> 3.9706488e+08 | K6: 14393.053 | L6: 7913.8312 | M6: 0.54983688 | N6: 137.46174 | O6: 75.581534 | P6: 3.9706488e+08
C7: 14354.5 | D7: 8476.6298 | E7: =D7/C7 -> 0.59052073 | F7: 140.579 | G7: =(H7/365)/C7 -> 83.014814 | H7: =D7*F7*365 -> 4.3494719e+08 | K7: 14354.5 | L7: 8476.6298 | M7: 0.59052073 | N7: 140.579 | O7: 83.014814 | P7: 4.3494719e+08
C8: 14332.667 | D8: 8996.3695 | E8: =D8/C8 -> 0.62768288 | F8: 143.89872 | G8: =(H8/365)/C8 -> 90.322764 | H8: =D8*F8*365 -> 4.7251661e+08 | K8: 14332.667 | L8: 8996.3695 | M8: 0.62768288 | N8: 143.89872 | O8: 90.322764 | P8: 4.7251661e+08
C9: 14255.083 | D9: 9080.1652 | E9: =D9/C9 -> 0.63697735 | F9: 150.21893 | G9: =(H9/365)/C9 -> 95.686059 | H9: =D9*F9*365 -> 4.9786465e+08 | K9: 14255.083 | L9: 9080.1652 | M9: 0.63697735 | N9: 150.21893 | O9: 95.686059 | P9: 4.9786465e+08
C10: 14359.833 | D10: 9023.472 | E10: =D10/C10 -> 0.62838278 | F10: 151.91242 | G10: =(H10/365)/C10 -> 95.459148 | H10: =D10*F10*365 -> 5.0033377e+08 | K10: 14359.833 | L10: 9023.472 | M10: 0.62838278 | N10: 151.91242 | O10: 95.459148 | P10: 5.0033377e+08
B11: 2019 | C11: 15004.083 | D11: 9468.0859 | E11: =D11/C11 -> 0.63103395 | F11: 152.48363 | G11: =(H11/365)/C11 -> 96.22235 | H11: =D11*F11*365 -> 5.2696078e+08 | J11: 2019 | K11: 15004.083 | L11: 9468.0859 | M11: 0.63103395 | N11: 152.48363 | O11: 96.22235 | P11: 5.2696078e+08
B12: 2020 | C12: 14377.417 | D12: 6870.3804 | E12: =D12/C12 -> 0.47785917 | F12: 143.74147 | G12: =(H12/365)/C12 -> 68.688177 | H12: =D12*F12*365 -> 3.6045887e+08 | J12: 2020 | K12: 14377.417 | L12: 6870.3804 | M12: 0.47785917 | N12: 143.74147 | O12: 68.688177 | P12: 3.6045887e+08
B13: 2021 | C13: 15317.083 | D13: 8833.3595 | E13: =D13/C13 -> 0.57669984 | F13: 169.58397 | G13: =(H13/365)/C13 -> 97.799047 | H13: =D13*F13*365 -> 5.4676859e+08 | J13: 2021 | K13: 15317.083 | L13: 8833.3595 | M13: 0.57669984 | N13: 169.58397 | O13: 97.799047 | P13: 5.4676859e+08
B14: 2022 | C14: 15739.583 | D14: 9463.9479 | E14: =D14/C14 -> 0.60128325 | F14: 191.15258 | G14: =(H14/365)/C14 -> 114.93684 | H14: =D14*F14*365 -> 6.6030618e+08 | J14: 2022 | K14: 15739.583 | L14: 9463.9479 | M14: 0.60128325 | N14: 191.15258 | O14: 114.93684 | P14: 6.6030618e+08
B15: 2023 | C15: 15997.884 | D15: 9456.7973 | E15: =D15/C15 -> 0.59112799 | F15: 191.19394 | G15: =(H15/365)/C15 -> 113.02009 | H15: =D15*F15*365 -> 6.5995007e+08 | J15: 2023 | K15: 15997.884 | L15: 9456.7973 | M15: 0.59112799 | N15: 191.19394 | O15: 113.02009 | P15: 6.5995007e+08
B16: 2024 | C16: 15923.333 | D16: 9294.3205 | E16: =D16/C16 -> 0.58369189 | F16: 200.74083 | G16: =(H16/365)/C16 -> 117.17079 | H16: =D16*F16*365 -> 6.809986e+08 | J16: 2024 | K16: 15923.333 | L16: 9294.3205 | M16: 0.58369189 | N16: 200.74083 | O16: 117.17079 | P16: 6.809986e+08
B17: 2025 | C17: 15857.917 | D17: 9340.0887 | E17: =D17/C17 -> 0.58898586 | F17: 206.91228 | G17: =(H17/365)/C17 -> 121.86841 | H17: =D17*F17*365 -> 7.0539135e+08 | J17: 2025 | K17: 15857.917 | L17: 9340.0887 | M17: 0.58898586 | N17: 206.91228 | O17: 121.86841 | P17: 7.0539135e+08 | R17: =C17-K17 -> 0 | S17: =D17-L17 -> 0 | T17: =E17-M17 -> 0 | U17: =F17-N17 -> 0 | V17: =G17-O17 -> 0 | W17: =H17-P17 -> 0
B18: 2026 | C18: 15914.75 | D18: 9528.8999 | E18: =D18/C18 -> 0.59874644 | F18: 209.30565 | G18: =(H18/365)/C18 -> 125.32101 | H18: =D18*F18*365 -> 7.279752e+08 | J18: 2026 | K18: 16169.667 | L18: 9442.8257 | M18: 0.58398394 | N18: 209.48647 | O18: 122.33674 | P18: 7.2202265e+08 | R18: =C18-K18 -> -254.91667 | S18: =D18-L18 -> 86.074276 | T18: =E18-M18 -> 0.014762501 | U18: =F18-N18 -> -0.18082057 | V18: =G18-O18 -> 2.9842786 | W18: =H18-P18 -> 5952557
B19: 2027 | C19: 16075.875 | D19: 9654.634 | E19: =D19/C19 -> 0.60056663 | F19: 212.21027 | G19: =(H19/365)/C19 -> 127.44641 | H19: =D19*F19*365 -> 7.4781657e+08 | J19: 2027 | K19: 16416.1 | L19: 9593.4035 | M19: 0.58438993 | N19: 212.32139 | O19: 124.07848 | P19: 7.4346293e+08 | R19: =C19-K19 -> -340.225 | S19: =D19-L19 -> 61.230518 | T19: =E19-M19 -> 0.016176698 | U19: =F19-N19 -> -0.11111247 | V19: =G19-O19 -> 3.3679286 | W19: =H19-P19 -> 4353646.4
B20: 2028 | C20: 16208.15 | D20: 9825.2237 | E20: =D20/C20 -> 0.60619033 | F20: 216.17351 | G20: =(H20/365)/C20 -> 131.04229 | H20: =D20*F20*365 -> 7.7524289e+08 | J20: 2028 | K20: 16561.713 | L20: 9775.8944 | M20: 0.59027072 | N20: 215.86264 | O20: 127.41739 | P20: 7.7024137e+08 | R20: =C20-K20 -> -353.56313 | S20: =D20-L20 -> 49.329378 | T20: =E20-M20 -> 0.015919605 | U20: =F20-N20 -> 0.31087533 | V20: =G20-O20 -> 3.6248975 | W20: =H20-P20 -> 5001518.1
B21: 2029 | C21: 16248.667 | D21: 9995.0872 | E21: =D21/C21 -> 0.61513273 | F21: 219.92528 | G21: =(H21/365)/C21 -> 135.28324 | H21: =D21*F21*365 -> 8.0233292e+08 | J21: 2029 | K21: 16603.114 | L21: 9945.4493 | M21: 0.59901107 | N21: 219.62179 | O21: 131.55589 | P21: 7.9724665e+08 | R21: =C21-K21 -> -354.44697 | S21: =D21-L21 -> 49.63784 | T21: =E21-M21 -> 0.016121661 | U21: =F21-N21 -> 0.30349246 | V21: =G21-O21 -> 3.7273562 | W21: =H21-P21 -> 5086269.5
B23: Growth | J23: Growth
C24: =C6/C5-1 -> 0.013628966 | D24: =D6/D5-1 -> 0.16443663 | E24: =E6/E5-1 -> 0.14877995 | F24: =F6/F5-1 -> #DIV/0! | G24: =G6/G5-1 -> #DIV/0! | H24: =H6/H5-1 -> #DIV/0!
C25: =C7/C6-1 -> -0.0026785605 | D25: =D7/D6-1 -> 0.071115814 | E25: =E7/E6-1 -> 0.073992568 | F25: =F7/F6-1 -> 0.022677315 | G25: =G7/G6-1 -> 0.098347836 | H25: =H7/H6-1 -> 0.095405845
C26: =C8/C7-1 -> -0.0015210097 | D26: =D8/D7-1 -> 0.061314431 | E26: =E8/E7-1 -> 0.062931159 | F26: =F8/F7-1 -> 0.023614622 | G26: =G8/G7-1 -> 0.088031877 | H26: =H8/H7-1 -> 0.08637697
C27: =C9/C8-1 -> -0.0054130425 | D27: =D9/D8-1 -> 0.0093143945 | E27: =E9/E8-1 -> 0.014807591 | F27: =F9/F8-1 -> 0.04392126 | G27: =G9/G8-1 -> 0.059379219 | H27: =H9/H8-1 -> 0.053644754
C28: =C10/C9-1 -> 0.0073482559 | D28: =D10/D9-1 -> -0.0062436324 | E28: =E10/E9-1 -> -0.01349274 | F28: =F10/F9-1 -> 0.011273438 | G28: =G10/G9-1 -> -0.002371412 | H28: =H10/H9-1 -> 0.0049594181
B29: =B11 -> 2019 | C29: =C11/C10-1 -> 0.044864727 | D29: =D11/D10-1 -> 0.049273042 | E29: =E11/E10-1 -> 0.0042190297 | F29: =F11/F10-1 -> 0.0037601677 | G29: =G11/G10-1 -> 0.0079950617 | H29: =H11/H10-1 -> 0.053218485 | J29: =J11 -> 2019 | K29: =K11/K10-1 -> 0.044864727 | L29: =L11/L10-1 -> 0.049273042 | M29: =M11/M10-1 -> 0.0042190297 | N29: =N11/N10-1 -> 0.0037601677 | O29: =O11/O10-1 -> 0.0079950617 | P29: =P11/P10-1 -> 0.053218485 | R29: =C29-K29 -> 0 | S29: =D29-L29 -> 0 | T29: =E29-M29 -> 0 | U29: =F29-N29 -> 0 | V29: =G29-O29 -> 0 | W29: =H29-P29 -> 0
B30: =B12 -> 2020 | C30: =C12/C11-1 -> -0.041766408 | D30: =D12/D11-1 -> -0.27436439 | E30: =E12/E11-1 -> -0.2427362 | F30: =F12/F11-1 -> -0.057331847 | G30: =G12/G11-1 -> -0.28615153 | H30: =H12/H11-1 -> -0.31596642 | J30: =J12 -> 2020 | K30: =K12/K11-1 -> -0.041766408 | L30: =L12/L11-1 -> -0.27436439 | M30: =M12/M11-1 -> -0.2427362 | N30: =N12/N11-1 -> -0.057331847 | O30: =O12/O11-1 -> -0.28615153 | P30: =P12/P11-1 -> -0.31596642 | R30: =C30-K30 -> 0 | S30: =D30-L30 -> 0 | T30: =E30-M30 -> 0 | U30: =F30-N30 -> 0 | V30: =G30-O30 -> 0 | W30: =H30-P30 -> 0
B31: =B13 -> 2021 | C31: =C13/C12-1 -> 0.065357128 | D31: =D13/D12-1 -> 0.28571622 | E31: =E13/E12-1 -> 0.20684059 | F31: =F13/F12-1 -> 0.1797846 | G31: =G13/G12-1 -> 0.42381194 | H31: =H13/H12-1 -> 0.5168682 | J31: =J13 -> 2021 | K31: =K13/K12-1 -> 0.065357128 | L31: =L13/L12-1 -> 0.28571622 | M31: =M13/M12-1 -> 0.20684059 | N31: =N13/N12-1 -> 0.1797846 | O31: =O13/O12-1 -> 0.42381194 | P31: =P13/P12-1 -> 0.5168682 | R31: =C31-K31 -> 0 | S31: =D31-L31 -> 0 | T31: =E31-M31 -> 0 | U31: =F31-N31 -> 0 | V31: =G31-O31 -> 0 | W31: =H31-P31 -> 0
B32: =B14 -> 2022 | C32: =C14/C13-1 -> 0.02758358 | D32: =D14/D13-1 -> 0.071387158 | E32: =E14/E13-1 -> 0.042627751 | F32: =F14/F13-1 -> 0.12718543 | G32: =G14/G13-1 -> 0.17523481 | H32: =H14/H13-1 -> 0.207652 | J32: =J14 -> 2022 | K32: =K14/K13-1 -> 0.02758358 | L32: =L14/L13-1 -> 0.071387158 | M32: =M14/M13-1 -> 0.042627751 | N32: =N14/N13-1 -> 0.12718543 | O32: =O14/O13-1 -> 0.17523481 | P32: =P14/P13-1 -> 0.207652 | R32: =C32-K32 -> 0 | S32: =D32-L32 -> 0 | T32: =E32-M32 -> 0 | U32: =F32-N32 -> 0 | V32: =G32-O32 -> 0 | W32: =H32-P32 -> 0
B33: 2023 | C33: =C15/C14-1 -> 0.016410922 | D33: =D15/D14-1 -> -0.00075556063 | E33: =E15/E14-1 -> -0.016889313 | F33: =F15/F14-1 -> 0.00021640595 | G33: =G15/G14-1 -> -0.016676562 | H33: =H15/H14-1 -> -0.00053931819 | J33: 2023 | K33: =K15/K14-1 -> 0.016410922 | L33: =L15/L14-1 -> -0.00075556063 | M33: =M15/M14-1 -> -0.016889313 | N33: =N15/N14-1 -> 0.00021640595 | O33: =O15/O14-1 -> -0.016676562 | P33: =P15/P14-1 -> -0.00053931819 | R33: =C33-K33 -> 0 | S33: =D33-L33 -> 0 | T33: =E33-M33 -> 0 | U33: =F33-N33 -> 0 | V33: =G33-O33 -> 0 | W33: =H33-P33 -> 0
B34: 2024 | C34: =C16/C15-1 -> -0.0046600584 | D34: =D16/D15-1 -> -0.017180954 | E34: =E16/E15-1 -> -0.012579517 | F34: =F16/F15-1 -> 0.049932978 | G34: =G16/G15-1 -> 0.036725329 | H34: =H16/H15-1 -> 0.031894128 | J34: 2024 | K34: =K16/K15-1 -> -0.0046600584 | L34: =L16/L15-1 -> -0.017180954 | M34: =M16/M15-1 -> -0.012579517 | N34: =N16/N15-1 -> 0.049932978 | O34: =O16/O15-1 -> 0.036725329 | P34: =P16/P15-1 -> 0.031894128 | R34: =C34-K34 -> 0 | S34: =D34-L34 -> 0 | T34: =E34-M34 -> 0 | U34: =F34-N34 -> 0 | V34: =G34-O34 -> 0 | W34: =H34-P34 -> 0
B35: 2025 | C35: =C17/C16-1 -> -0.0041082269 | D35: =D17/D16-1 -> 0.0049243196 | E35: =E17/E16-1 -> 0.0090698074 | F35: =F17/F16-1 -> 0.030743381 | G35: =G17/G16-1 -> 0.040092025 | H35: =H17/H16-1 -> 0.035819091 | J35: 2025 | K35: =K17/K16-1 -> -0.0041082269 | L35: =L17/L16-1 -> 0.0049243196 | M35: =M17/M16-1 -> 0.0090698074 | N35: =N17/N16-1 -> 0.030743381 | O35: =O17/O16-1 -> 0.040092025 | P35: =P17/P16-1 -> 0.035819091 | R35: =C35-K35 -> 0 | S35: =D35-L35 -> 0 | T35: =E35-M35 -> 0 | U35: =F35-N35 -> 0 | V35: =G35-O35 -> 0 | W35: =H35-P35 -> 0
B36: 2026 | C36: =C18/C17-1 -> 0.0035839092 | D36: =D18/D17-1 -> 0.020215142 | E36: =E18/E17-1 -> 0.016571841 | F36: =F18/F17-1 -> 0.011567086 | G36: =G18/G17-1 -> 0.028330614 | H36: =H18/H17-1 -> 0.032016058 | J36: 2026 | K36: =K18/K17-1 -> 0.019658951 | L36: =L18/L17-1 -> 0.010999568 | M36: =M18/M17-1 -> -0.0084924303 | N36: =N18/N17-1 -> 0.012440986 | O36: =O18/O17-1 -> 0.0038429012 | P36: =P18/P17-1 -> 0.023577399 | R36: =C36-K36 -> -0.016075041 | S36: =D36-L36 -> 0.0092155737 | T36: =E36-M36 -> 0.025064271 | U36: =F36-N36 -> -0.00087389964 | V36: =G36-O36 -> 0.024487713 | W36: =H36-P36 -> 0.0084386589
B37: 2027 | C37: =C19/C18-1 -> 0.010124256 | D37: =D19/D18-1 -> 0.013195026 | E37: =E19/E18-1 -> 0.0030399923 | F37: =F19/F18-1 -> 0.01387742 | G37: =G19/G18-1 -> 0.016959599 | H37: =H19/H18-1 -> 0.027255558 | J37: 2027 | K37: =K19/K18-1 -> 0.015240471 | L37: =L19/L18-1 -> 0.015946269 | M37: =M19/M18-1 -> 0.00069520297 | N37: =N19/N18-1 -> 0.013532684 | O37: =O19/O18-1 -> 0.014237295 | P37: =P19/P18-1 -> 0.029694749 | R37: =C37-K37 -> -0.005116215 | S37: =D37-L37 -> -0.0027512432 | T37: =E37-M37 -> 0.0023447894 | U37: =F37-N37 -> 0.00034473549 | V37: =G37-O37 -> 0.0027223041 | W37: =H37-P37 -> -0.0024391907
B38: 2028 | C38: =C20/C19-1 -> 0.008228168 | D38: =D20/D19-1 -> 0.017669208 | E38: =E20/E19-1 -> 0.0093639916 | F38: =F20/F19-1 -> 0.018675992 | G38: =G20/G19-1 -> 0.028214866 | H38: =H20/H19-1 -> 0.03667519 | J38: 2028 | K38: =K20/K19-1 -> 0.0088701416 | L38: =L20/L19-1 -> 0.019022537 | M38: =M20/M19-1 -> 0.010063134 | N38: =N20/N19-1 -> 0.016678723 | O38: =O20/O19-1 -> 0.026909698 | P38: =P20/P19-1 -> 0.036018532 | R38: =C38-K38 -> -0.00064197361 | S38: =D38-L38 -> -0.0013533293 | T38: =E38-M38 -> -0.00069914277 | U38: =F38-N38 -> 0.0019972691 | V38: =G38-O38 -> 0.0013051679 | W38: =H38-P38 -> 0.00065665812
B39: 2029 | C39: =C21/C20-1 -> 0.0024998124 | D39: =D21/D20-1 -> 0.017288505 | E39: =E21/E20-1 -> 0.014751816 | F39: =F21/F20-1 -> 0.017355379 | G39: =G21/G20-1 -> 0.032363218 | H39: =H21/H20-1 -> 0.034943932 | J39: 2029 | K39: =K21/K20-1 -> 0.0024998124 | L39: =L21/L20-1 -> 0.01734419 | M39: =M21/M20-1 -> 0.014807362 | N39: =N21/N20-1 -> 0.017414575 | O39: =O21/O20-1 -> 0.032479801 | P39: =P21/P20-1 -> 0.035060807 | R39: =C39-K39 -> 0 | S39: =D39-L39 -> -5.5684944e-05 | T39: =E39-M39 -> -5.554609e-05 | U39: =F39-N39 -> -5.9196121e-05 | V39: =G39-O39 -> -0.00011658277 | W39: =H39-P39 -> -0.00011687421
B41: Source: CoStar; Tourism Economics

Sheet Inland Empire
B1: Forecast summary: Annual, Inland Empire
K2: Prior forecast | R2: Current compared to prior (difference)
C3: Hotel supply (daily) | D3: Hotel room demand (daily) | E3: Occupancy | F3: ADR | G3: RevPAR | H3: Room revenue | K3: Hotel supply (daily) | L3: Hotel room demand (daily) | M3: Occupancy | N3: ADR | O3: RevPAR | P3: Room revenue | R3: Hotel supply (daily) | S3: Hotel room demand (daily) | T3: Occupancy | U3: ADR | V3: RevPAR | W3: Room revenue
B4: Levels | J4: Levels
C5: 23134.126 | D5: 13708.134 | E5: =D5/C5 -> 0.59255035 | F5: 0 | G5: =(H5/365)/C5 -> 0 | H5: =D5*F5*365 -> 0 | K5: 23134.126 | L5: 13708.134 | M5: 0.59255035 | N5: 0 | O5: 0 | P5: 0
C6: 23405.509 | D6: 15391.555 | E6: =D6/C6 -> 0.65760393 | F6: 81.405337 | G6: =(H6/365)/C6 -> 53.53247 | H6: =D6*F6*365 -> 4.5732846e+08 | K6: 23405.509 | L6: 15391.555 | M6: 0.65760393 | N6: 81.405337 | O6: 53.53247 | P6: 4.5732846e+08
C7: 23531.75 | D7: 16520.394 | E7: =D7/C7 -> 0.70204699 | F7: 87.333445 | G7: =(H7/365)/C7 -> 61.312182 | H7: =D7*F7*365 -> 5.2661578e+08 | K7: 23531.75 | L7: 16520.394 | M7: 0.70204699 | N7: 87.333445 | O7: 61.312182 | P7: 5.2661578e+08
C8: 23690.917 | D8: 17031.338 | E8: =D8/C8 -> 0.7188974 | F8: 94.071304 | G8: =(H8/365)/C8 -> 67.627616 | H8: =D8*F8*365 -> 5.8478848e+08 | K8: 23690.917 | L8: 17031.338 | M8: 0.7188974 | N8: 94.071304 | O8: 67.627616 | P8: 5.8478848e+08
C9: 23808.917 | D9: 17253.283 | E9: =D9/C9 -> 0.72465637 | F9: 98.702491 | G9: =(H9/365)/C9 -> 71.525389 | H9: =D9*F9*365 -> 6.2157384e+08 | K9: 23808.917 | L9: 17253.283 | M9: 0.72465637 | N9: 98.702491 | O9: 71.525389 | P9: 6.2157384e+08
C10: 24896.167 | D10: 17969.772 | E10: =D10/C10 -> 0.72178871 | F10: 102.4262 | G10: =(H10/365)/C10 -> 73.930074 | H10: =D10*F10*365 -> 6.7181003e+08 | K10: 24896.167 | L10: 17969.772 | M10: 0.72178871 | N10: 102.4262 | O10: 73.930074 | P10: 6.7181003e+08
B11: 2019 | C11: 26054.583 | D11: 18612.485 | E11: =D11/C11 -> 0.71436511 | F11: 102.66865 | G11: =(H11/365)/C11 -> 73.342901 | H11: =D11*F11*365 -> 6.9748534e+08 | J11: 2019 | K11: 26054.583 | L11: 18612.485 | M11: 0.71436511 | N11: 102.66865 | O11: 73.342901 | P11: 6.9748534e+08
B12: 2020 | C12: 27354.25 | D12: 16408.932 | E12: =D12/C12 -> 0.59986774 | F12: 96.901738 | G12: =(H12/365)/C12 -> 58.128226 | H12: =D12*F12*365 -> 5.8036972e+08 | J12: 2020 | K12: 27354.25 | L12: 16408.932 | M12: 0.59986774 | N12: 96.901738 | O12: 58.128226 | P12: 5.8036972e+08
B13: 2021 | C13: 27907.417 | D13: 20288.768 | E13: =D13/C13 -> 0.72700272 | F13: 117.23959 | G13: =(H13/365)/C13 -> 85.233498 | H13: =D13*F13*365 -> 8.6820606e+08 | J13: 2021 | K13: 27907.417 | L13: 20288.768 | M13: 0.72700272 | N13: 117.23959 | O13: 85.233498 | P13: 8.6820606e+08
B14: 2022 | C14: 28880.167 | D14: 20245.917 | E14: =D14/C14 -> 0.70103186 | F14: 130.49603 | G14: =(H14/365)/C14 -> 91.481873 | H14: =D14*F14*365 -> 9.6433428e+08 | J14: 2022 | K14: 28880.167 | L14: 20245.917 | M14: 0.70103186 | N14: 130.49603 | O14: 91.481873 | P14: 9.6433428e+08
B15: 2023 | C15: 29495.801 | D15: 19812.318 | E15: =D15/C15 -> 0.6716996 | F15: 130.77919 | G15: =(H15/365)/C15 -> 87.844331 | H15: =D15*F15*365 -> 9.457292e+08 | J15: 2023 | K15: 29495.801 | L15: 19812.318 | M15: 0.6716996 | N15: 130.77919 | O15: 87.844331 | P15: 9.457292e+08
B16: 2024 | C16: 30439.083 | D16: 19738.098 | E16: =D16/C16 -> 0.64844588 | F16: 126.08362 | G16: =(H16/365)/C16 -> 81.758402 | H16: =D16*F16*365 -> 9.0835755e+08 | J16: 2024 | K16: 30439.083 | L16: 19738.098 | M16: 0.64844588 | N16: 126.08362 | O16: 81.758402 | P16: 9.0835755e+08
B17: 2025 | C17: 31522.833 | D17: 20078.818 | E17: =D17/C17 -> 0.63696109 | F17: 124.04539 | G17: =(H17/365)/C17 -> 79.012088 | H17: =D17*F17*365 -> 9.0909998e+08 | J17: 2025 | K17: 31522.833 | L17: 20078.818 | M17: 0.63696109 | N17: 124.04539 | O17: 79.012088 | P17: 9.0909998e+08 | R17: =C17-K17 -> 0 | S17: =D17-L17 -> 0 | T17: =E17-M17 -> 0 | U17: =F17-N17 -> 0 | V17: =G17-O17 -> 0 | W17: =H17-P17 -> 0
B18: 2026 | C18: 32036.917 | D18: 20368.256 | E18: =D18/C18 -> 0.63577454 | F18: 125.27395 | G18: =(H18/365)/C18 -> 79.645988 | H18: =D18*F18*365 -> 9.3133834e+08 | J18: 2026 | K18: 32252.208 | L18: 20256.013 | M18: 0.62805043 | N18: 124.36382 | O18: 78.106748 | P18: 9.1947702e+08 | R18: =C18-K18 -> -215.29167 | S18: =D18-L18 -> 112.24261 | T18: =E18-M18 -> 0.0077241091 | U18: =F18-N18 -> 0.91013456 | V18: =G18-O18 -> 1.5392401 | W18: =H18-P18 -> 11861322
B19: 2027 | C19: 32723.633 | D19: 20586.589 | E19: =D19/C19 -> 0.62910462 | F19: 126.3413 | G19: =(H19/365)/C19 -> 79.481897 | H19: =D19*F19*365 -> 9.4934181e+08 | J19: 2027 | K19: 32848.292 | L19: 20566.046 | M19: 0.6260918 | N19: 125.648 | O19: 78.667182 | P19: 9.4319013e+08 | R19: =C19-K19 -> -124.65833 | S19: =D19-L19 -> 20.543052 | T19: =E19-M19 -> 0.0030128259 | U19: =F19-N19 -> 0.69330256 | V19: =G19-O19 -> 0.8147154 | W19: =H19-P19 -> 6151683.8
B20: 2028 | C20: 33525.417 | D20: 20934.087 | E20: =D20/C20 -> 0.62442438 | F20: 128.17658 | G20: =(H20/365)/C20 -> 80.036579 | H20: =D20*F20*365 -> 9.7938978e+08 | J20: 2028 | K20: 33638.255 | L20: 20920.989 | M20: 0.62194037 | N20: 127.57002 | O20: 79.340948 | P20: 9.7414524e+08 | R20: =C20-K20 -> -112.83869 | S20: =D20-L20 -> 13.098461 | T20: =E20-M20 -> 0.0024840079 | U20: =F20-N20 -> 0.60655276 | V20: =G20-O20 -> 0.69563127 | W20: =H20-P20 -> 5244538.8
B21: 2029 | C21: 34518.298 | D21: 21272.004 | E21: =D21/C21 -> 0.61625299 | F21: 130.08975 | G21: =(H21/365)/C21 -> 80.168199 | H21: =D21*F21*365 -> 1.0100535e+09 | J21: 2029 | K21: 34634.478 | L21: 21248.02 | M21: 0.61349331 | N21: 129.61724 | O21: 79.519309 | P21: 1.0052501e+09 | R21: =C21-K21 -> -116.1805 | S21: =D21-L21 -> 23.983729 | T21: =E21-M21 -> 0.0027596867 | U21: =F21-N21 -> 0.47251211 | V21: =G21-O21 -> 0.64888998 | W21: =H21-P21 -> 4803394.3
B23: Growth | J23: Growth
C24: =C6/C5-1 -> 0.011730856 | D24: =D6/D5-1 -> 0.12280448 | E24: =E6/E5-1 -> 0.10978575 | F24: =F6/F5-1 -> #DIV/0! | G24: =G6/G5-1 -> #DIV/0! | H24: =H6/H5-1 -> #DIV/0!
C25: =C7/C6-1 -> 0.0053936564 | D25: =D7/D6-1 -> 0.073341503 | E25: =E7/E6-1 -> 0.067583325 | F25: =F7/F6-1 -> 0.072822106 | G25: =G7/G6-1 -> 0.14532699 | H25: =H7/H6-1 -> 0.15150449
C26: =C8/C7-1 -> 0.0067639112 | D26: =D8/D7-1 -> 0.030928086 | E26: =E8/E7-1 -> 0.024001828 | F26: =F8/F7-1 -> 0.077150954 | G26: =G8/G7-1 -> 0.10300455 | H26: =H8/H7-1 -> 0.11046517
C27: =C9/C8-1 -> 0.0049808119 | D27: =D9/D8-1 -> 0.013031547 | E27: =E9/E8-1 -> 0.0080108346 | F27: =F9/F8-1 -> 0.049230607 | G27: =G9/G8-1 -> 0.05763582 | H27: =H9/H8-1 -> 0.062903705
C28: =C10/C9-1 -> 0.045665664 | D28: =D10/D9-1 -> 0.041527686 | E28: =E10/E9-1 -> -0.0039572676 | F28: =F10/F9-1 -> 0.037726578 | G28: =G10/G9-1 -> 0.033620016 | H28: =H10/H9-1 -> 0.080820961
B29: =B11 -> 2019 | C29: =C11/C10-1 -> 0.046529921 | D29: =D11/D10-1 -> 0.035766359 | E29: =E11/E10-1 -> -0.010285002 | F29: =F11/F10-1 -> 0.0023670765 | G29: =G11/G10-1 -> -0.0079422707 | H29: =H11/H10-1 -> 0.038218097 | J29: =J11 -> 2019 | K29: =K11/K10-1 -> 0.046529921 | L29: =L11/L10-1 -> 0.035766359 | M29: =M11/M10-1 -> -0.010285002 | N29: =N11/N10-1 -> 0.0023670765 | O29: =O11/O10-1 -> -0.0079422707 | P29: =P11/P10-1 -> 0.038218097 | R29: =C29-K29 -> 0 | S29: =D29-L29 -> 0 | T29: =E29-M29 -> 0 | U29: =F29-N29 -> 0 | V29: =G29-O29 -> 0 | W29: =H29-P29 -> 0
B30: =B12 -> 2020 | C30: =C12/C11-1 -> 0.049882458 | D30: =D12/D11-1 -> -0.11839114 | E30: =E12/E11-1 -> -0.16027851 | F30: =F12/F11-1 -> -0.056170129 | G30: =G12/G11-1 -> -0.20744578 | H30: =H12/H11-1 -> -0.16791123 | J30: =J12 -> 2020 | K30: =K12/K11-1 -> 0.049882458 | L30: =L12/L11-1 -> -0.11839114 | M30: =M12/M11-1 -> -0.16027851 | N30: =N12/N11-1 -> -0.056170129 | O30: =O12/O11-1 -> -0.20744578 | P30: =P12/P11-1 -> -0.16791123 | R30: =C30-K30 -> 0 | S30: =D30-L30 -> 0 | T30: =E30-M30 -> 0 | U30: =F30-N30 -> 0 | V30: =G30-O30 -> 0 | W30: =H30-P30 -> 0
B31: =B13 -> 2021 | C31: =C13/C12-1 -> 0.02022233 | D31: =D13/D12-1 -> 0.23644657 | E31: =E13/E12-1 -> 0.21193835 | F31: =F13/F12-1 -> 0.20988116 | G31: =G13/G12-1 -> 0.46630138 | H31: =H13/H12-1 -> 0.49595341 | J31: =J13 -> 2021 | K31: =K13/K12-1 -> 0.02022233 | L31: =L13/L12-1 -> 0.23644657 | M31: =M13/M12-1 -> 0.21193835 | N31: =N13/N12-1 -> 0.20988116 | O31: =O13/O12-1 -> 0.46630138 | P31: =P13/P12-1 -> 0.49595341 | R31: =C31-K31 -> 0 | S31: =D31-L31 -> 0 | T31: =E31-M31 -> 0 | U31: =F31-N31 -> 0 | V31: =G31-O31 -> 0 | W31: =H31-P31 -> 0
B32: =B14 -> 2022 | C32: =C14/C13-1 -> 0.034856326 | D32: =D14/D13-1 -> -0.0021120484 | E32: =E14/E13-1 -> -0.035723195 | F32: =F14/F13-1 -> 0.11307138 | G32: =G14/G13-1 -> 0.073308916 | H32: =H14/H13-1 -> 0.11072052 | J32: =J14 -> 2022 | K32: =K14/K13-1 -> 0.034856326 | L32: =L14/L13-1 -> -0.0021120484 | M32: =M14/M13-1 -> -0.035723195 | N32: =N14/N13-1 -> 0.11307138 | O32: =O14/O13-1 -> 0.073308916 | P32: =P14/P13-1 -> 0.11072052 | R32: =C32-K32 -> 0 | S32: =D32-L32 -> 0 | T32: =E32-M32 -> 0 | U32: =F32-N32 -> 0 | V32: =G32-O32 -> 0 | W32: =H32-P32 -> 0
B33: 2023 | C33: =C15/C14-1 -> 0.021316858 | D33: =D15/D14-1 -> -0.021416616 | E33: =E15/E14-1 -> -0.041841543 | F33: =F15/F14-1 -> 0.0021698995 | G33: =G15/G14-1 -> -0.039762436 | H33: =H15/H14-1 -> -0.019293188 | J33: 2023 | K33: =K15/K14-1 -> 0.021316858 | L33: =L15/L14-1 -> -0.021416616 | M33: =M15/M14-1 -> -0.041841543 | N33: =N15/N14-1 -> 0.0021698995 | O33: =O15/O14-1 -> -0.039762436 | P33: =P15/P14-1 -> -0.019293188 | R33: =C33-K33 -> 0 | S33: =D33-L33 -> 0 | T33: =E33-M33 -> 0 | U33: =F33-N33 -> 0 | V33: =G33-O33 -> 0 | W33: =H33-P33 -> 0
B34: 2024 | C34: =C16/C15-1 -> 0.031980222 | D34: =D16/D15-1 -> -0.0037461423 | E34: =E16/E15-1 -> -0.034619233 | F34: =F16/F15-1 -> -0.035904592 | G34: =G16/G15-1 -> -0.069280836 | H34: =H16/H15-1 -> -0.039516231 | J34: 2024 | K34: =K16/K15-1 -> 0.031980222 | L34: =L16/L15-1 -> -0.0037461423 | M34: =M16/M15-1 -> -0.034619233 | N34: =N16/N15-1 -> -0.035904592 | O34: =O16/O15-1 -> -0.069280836 | P34: =P16/P15-1 -> -0.039516231 | R34: =C34-K34 -> 0 | S34: =D34-L34 -> 0 | T34: =E34-M34 -> 0 | U34: =F34-N34 -> 0 | V34: =G34-O34 -> 0 | W34: =H34-P34 -> 0
B35: 2025 | C35: =C17/C16-1 -> 0.035603897 | D35: =D17/D16-1 -> 0.017262061 | E35: =E17/E16-1 -> -0.017711247 | F35: =F17/F16-1 -> -0.01616567 | G35: =G17/G16-1 -> -0.033590603 | H35: =H17/H16-1 -> 0.0008173378 | J35: 2025 | K35: =K17/K16-1 -> 0.035603897 | L35: =L17/L16-1 -> 0.017262061 | M35: =M17/M16-1 -> -0.017711247 | N35: =N17/N16-1 -> -0.01616567 | O35: =O17/O16-1 -> -0.033590603 | P35: =P17/P16-1 -> 0.0008173378 | R35: =C35-K35 -> 0 | S35: =D35-L35 -> 0 | T35: =E35-M35 -> 0 | U35: =F35-N35 -> 0 | V35: =G35-O35 -> 0 | W35: =H35-P35 -> 0
B36: 2026 | C36: =C18/C17-1 -> 0.016308284 | D36: =D18/D17-1 -> 0.014415076 | E36: =E18/E17-1 -> -0.0018628284 | F36: =F18/F17-1 -> 0.0099041059 | G36: =G18/G17-1 -> 0.0080228278 | H36: =H18/H17-1 -> 0.024461951 | J36: 2026 | K36: =K18/K17-1 -> 0.02313799 | L36: =L18/L17-1 -> 0.0088249759 | M36: =M18/M17-1 -> -0.013989329 | N36: =N18/N17-1 -> 0.0025669969 | O36: =O18/O17-1 -> -0.011458243 | P36: =P18/P17-1 -> 0.011414626 | R36: =C36-K36 -> -0.0068297055 | S36: =D36-L36 -> 0.0055901006 | T36: =E36-M36 -> 0.012126501 | U36: =F36-N36 -> 0.007337109 | V36: =G36-O36 -> 0.019481071 | W36: =H36-P36 -> 0.013047324
B37: 2027 | C37: =C19/C18-1 -> 0.021435167 | D37: =D19/D18-1 -> 0.010719276 | E37: =E19/E18-1 -> -0.010491014 | F37: =F19/F18-1 -> 0.0085201428 | G37: =G19/G18-1 -> -0.0020602564 | H37: =H19/H18-1 -> 0.019330749 | J37: 2027 | K37: =K19/K18-1 -> 0.018481939 | L37: =L19/L18-1 -> 0.015305703 | M37: =M19/M18-1 -> -0.0031185977 | N37: =N19/N18-1 -> 0.010326026 | O37: =O19/O18-1 -> 0.0071752252 | P37: =P19/P18-1 -> 0.025789776 | R37: =C37-K37 -> 0.0029532287 | S37: =D37-L37 -> -0.0045864268 | T37: =E37-M37 -> -0.0073724165 | U37: =F37-N37 -> -0.0018058828 | V37: =G37-O37 -> -0.0092354816 | W37: =H37-P37 -> -0.0064590269
B38: 2028 | C38: =C20/C19-1 -> 0.02450166 | D38: =D20/D19-1 -> 0.016879849 | E38: =E20/E19-1 -> -0.0074395304 | F38: =F20/F19-1 -> 0.014526322 | G38: =G20/G19-1 -> 0.0069787229 | H38: =H20/H19-1 -> 0.031651373 | J38: 2028 | K38: =K20/K19-1 -> 0.024048852 | L38: =L20/L19-1 -> 0.017258694 | M38: =M20/M19-1 -> -0.0066306969 | N38: =N20/N19-1 -> 0.015296895 | O38: =O20/O19-1 -> 0.0085647692 | P38: =P20/P19-1 -> 0.032819594 | R38: =C38-K38 -> 0.00045280823 | S38: =D38-L38 -> -0.00037884553 | T38: =E38-M38 -> -0.00080883356 | U38: =F38-N38 -> -0.00077057285 | V38: =G38-O38 -> -0.0015860463 | W38: =H38-P38 -> -0.0011682207
B39: 2029 | C39: =C21/C20-1 -> 0.029615765 | D39: =D21/D20-1 -> 0.016141938 | E39: =E21/E20-1 -> -0.013086267 | F39: =F21/F20-1 -> 0.01492609 | G39: =G21/G20-1 -> 0.0016444958 | H39: =H21/H20-1 -> 0.031308964 | J39: 2029 | K39: =K21/K20-1 -> 0.029615765 | L39: =L21/L20-1 -> 0.01563174 | M39: =M21/M20-1 -> -0.013581789 | N39: =N21/N20-1 -> 0.01604778 | O39: =O21/O20-1 -> 0.0022480336 | P39: =P21/P20-1 -> 0.031930376 | R39: =C39-K39 -> 0 | S39: =D39-L39 -> 0.00051019741 | T39: =E39-M39 -> 0.00049552214 | U39: =F39-N39 -> -0.0011216907 | V39: =G39-O39 -> -0.00060353778 | W39: =H39-P39 -> -0.00062141201
B41: Source: CoStar; Tourism Economics

Sheet Los Angeles
B1: Forecast summary: Annual, Los Angeles County
K2: Prior forecast | R2: Current compared to prior (difference)
C3: Hotel supply (daily) | D3: Hotel room demand (daily) | E3: Occupancy | F3: ADR | G3: RevPAR | H3: Room revenue | K3: Hotel supply (daily) | L3: Hotel room demand (daily) | M3: Occupancy | N3: ADR | O3: RevPAR | P3: Room revenue | R3: Hotel supply (daily) | S3: Hotel room demand (daily) | T3: Occupancy | U3: ADR | V3: RevPAR | W3: Room revenue
B4: Levels | J4: Levels
C5: 96942.167 | D5: 75210.276 | E5: =D5/C5 -> 0.77582623 | F5: 0 | G5: =(H5/365)/C5 -> 0 | H5: =D5*F5*365 -> 0 | K5: 96942.167 | L5: 75210.276 | M5: 0.77582623 | N5: 0 | O5: 0 | P5: 0
C6: 97675.01 | D6: 76869.557 | E6: =D6/C6 -> 0.78699308 | F6: 147.24305 | G6: =(H6/365)/C6 -> 115.87926 | H6: =D6*F6*365 -> 4.1312554e+09 | K6: 97675.01 | L6: 76869.557 | M6: 0.78699308 | N6: 147.24305 | O6: 115.87926 | P6: 4.1312554e+09
C7: 97886.417 | D7: 77965.275 | E7: =D7/C7 -> 0.79648717 | F7: 158.24021 | G7: =(H7/365)/C7 -> 126.0363 | H7: =D7*F7*365 -> 4.5030931e+09 | K7: 97886.417 | L7: 77965.275 | M7: 0.79648717 | N7: 158.24021 | O7: 126.0363 | P7: 4.5030931e+09
C8: 98180.333 | D8: 79751.652 | E8: =D8/C8 -> 0.81229763 | F8: 172.09502 | G8: =(H8/365)/C8 -> 139.79238 | H8: =D8*F8*365 -> 5.0095747e+09 | K8: 98180.333 | L8: 79751.652 | M8: 0.81229763 | N8: 172.09502 | O8: 139.79238 | P8: 5.0095747e+09
C9: 100713.25 | D9: 80727.146 | E9: =D9/C9 -> 0.80155437 | F9: 175.94342 | G9: =(H9/365)/C9 -> 141.02822 | H9: =D9*F9*365 -> 5.1842446e+09 | K9: 100713.25 | L9: 80727.146 | M9: 0.80155437 | N9: 175.94342 | O9: 141.02822 | P9: 5.1842446e+09
C10: 103717.83 | D10: 82673.65 | E10: =D10/C10 -> 0.79710159 | F10: 180.25057 | G10: =(H10/365)/C10 -> 143.67802 | H10: =D10*F10*365 -> 5.4392199e+09 | K10: 103717.83 | L10: 82673.65 | M10: 0.79710159 | N10: 180.25057 | O10: 143.67802 | P10: 5.4392199e+09
B11: 2019 | C11: 110117.42 | D11: 87207.572 | E11: =D11/C11 -> 0.79195076 | F11: 177.20258 | G11: =(H11/365)/C11 -> 140.33572 | H11: =D11*F11*365 -> 5.6404934e+09 | J11: 2019 | K11: 110117.42 | L11: 87207.572 | M11: 0.79195076 | N11: 177.20258 | O11: 140.33572 | P11: 5.6404934e+09
B12: 2020 | C12: 103802.42 | D12: 51275.353 | E12: =D12/C12 -> 0.4939707 | F12: 137.69062 | G12: =(H12/365)/C12 -> 68.01513 | H12: =D12*F12*365 -> 2.5769492e+09 | J12: 2020 | K12: 103802.42 | L12: 51275.353 | M12: 0.4939707 | N12: 137.69062 | O12: 68.01513 | P12: 2.5769492e+09
B13: 2021 | C13: 108138.75 | D13: 68984.612 | E13: =D13/C13 -> 0.63792685 | F13: 161.27204 | G13: =(H13/365)/C13 -> 102.87976 | H13: =D13*F13*365 -> 4.0607305e+09 | J13: 2021 | K13: 108138.75 | L13: 68984.612 | M13: 0.63792685 | N13: 161.27204 | O13: 102.87976 | P13: 4.0607305e+09
B14: 2022 | C14: 112876.17 | D14: 79696.971 | E14: =D14/C14 -> 0.70605667 | F14: 197.29486 | G14: =(H14/365)/C14 -> 139.30135 | H14: =D14*F14*365 -> 5.7391879e+09 | J14: 2022 | K14: 112876.17 | L14: 79696.971 | M14: 0.70605667 | N14: 197.29486 | O14: 139.30135 | P14: 5.7391879e+09
B15: 2023 | C15: 114343.86 | D15: 81973.005 | E15: =D15/C15 -> 0.71689907 | F15: 203.51945 | G15: =(H15/365)/C15 -> 145.9029 | H15: =D15*F15*365 -> 6.0893317e+09 | J15: 2023 | K15: 114343.86 | L15: 81973.005 | M15: 0.71689907 | N15: 203.51945 | O15: 145.9029 | P15: 6.0893317e+09
B16: 2024 | C16: 114204.17 | D16: 82423.294 | E16: =D16/C16 -> 0.7217188 | F16: 193.75346 | G16: =(H16/365)/C16 -> 139.83551 | H16: =D16*F16*365 -> 5.8289762e+09 | J16: 2024 | K16: 114204.17 | L16: 82423.294 | M16: 0.7217188 | N16: 193.75346 | O16: 139.83551 | P16: 5.8289762e+09
B17: 2025 | C17: 113298 | D17: 81538.616 | E17: =D17/C17 -> 0.71968275 | F17: 194.66025 | G17: =(H17/365)/C17 -> 140.09362 | H17: =D17*F17*365 -> 5.7933994e+09 | J17: 2025 | K17: 113298 | L17: 81538.616 | M17: 0.71968275 | N17: 194.66025 | O17: 140.09362 | P17: 5.7933994e+09 | R17: =C17-K17 -> 0 | S17: =D17-L17 -> 0 | T17: =E17-M17 -> 0 | U17: =F17-N17 -> 0 | V17: =G17-O17 -> 0 | W17: =H17-P17 -> 0
B18: 2026 | C18: 112561.5 | D18: 83006.606 | E18: =D18/C18 -> 0.73743337 | F18: 201.28391 | G18: =(H18/365)/C18 -> 148.43347 | H18: =D18*F18*365 -> 6.0983814e+09 | J18: 2026 | K18: 113663.33 | L18: 82770.128 | M18: 0.7282043 | N18: 200.06344 | O18: 145.68706 | P18: 6.044136e+09 | R18: =C18-K18 -> -1101.8333 | S18: =D18-L18 -> 236.47771 | T18: =E18-M18 -> 0.0092290658 | U18: =F18-N18 -> 1.2204684 | V18: =G18-O18 -> 2.7464128 | W18: =H18-P18 -> 54245383
B19: 2027 | C19: 113652.45 | D19: 84048.171 | E19: =D19/C19 -> 0.73951922 | F19: 208.60457 | G19: =(H19/365)/C19 -> 154.26709 | H19: =D19*F19*365 -> 6.3994839e+09 | J19: 2027 | K19: 115084.13 | L19: 83623.167 | M19: 0.72662638 | N19: 204.0708 | O19: 148.28322 | P19: 6.2287419e+09 | R19: =C19-K19 -> -1431.6833 | S19: =D19-L19 -> 425.00469 | T19: =E19-M19 -> 0.012892846 | U19: =F19-N19 -> 4.5337719 | V19: =G19-O19 -> 5.9838648 | W19: =H19-P19 -> 1.7074199e+08
B20: 2028 | C20: 115683.02 | D20: 85845.597 | E20: =D20/C20 -> 0.74207606 | F20: 209.29261 | G20: =(H20/365)/C20 -> 155.31104 | H20: =D20*F20*365 -> 6.5579e+09 | J20: 2028 | K20: 115597.48 | L20: 85389.321 | M20: 0.73867803 | N20: 208.81122 | O20: 154.24426 | P20: 6.5080407e+09 | R20: =C20-K20 -> 85.533628 | S20: =D20-L20 -> 456.27676 | T20: =E20-M20 -> 0.003398035 | U20: =F20-N20 -> 0.48138958 | V20: =G20-O20 -> 1.0667755 | W20: =H20-P20 -> 49859322
B21: 2029 | C21: 116261.43 | D21: 87177.592 | E21: =D21/C21 -> 0.74984103 | F21: 212.70326 | G21: =(H21/365)/C21 -> 159.49363 | H21: =D21*F21*365 -> 6.7681795e+09 | J21: 2029 | K21: 116175.47 | L21: 86703.995 | M21: 0.7463193 | N21: 212.2326 | O21: 158.39328 | P21: 6.7165161e+09 | R21: =C21-K21 -> 85.961296 | S21: =D21-L21 -> 473.59669 | T21: =E21-M21 -> 0.0035217364 | U21: =F21-N21 -> 0.47065944 | V21: =G21-O21 -> 1.100347 | W21: =H21-P21 -> 51663418
B23: Growth | J23: Growth
C24: =C6/C5-1 -> 0.0075595971 | D24: =D6/D5-1 -> 0.02206189 | E24: =E6/E5-1 -> 0.014393484 | F24: =F6/F5-1 -> #DIV/0! | G24: =G6/G5-1 -> #DIV/0! | H24: =H6/H5-1 -> #DIV/0!
C25: =C7/C6-1 -> 0.0021643834 | D25: =D7/D6-1 -> 0.014254254 | E25: =E7/E6-1 -> 0.01206376 | F25: =F7/F6-1 -> 0.074687141 | G25: =G7/G6-1 -> 0.087651909 | H25: =H7/H6-1 -> 0.090006004
C26: =C8/C7-1 -> 0.0030026297 | D26: =D8/D7-1 -> 0.022912468 | E26: =E8/E7-1 -> 0.019850236 | F26: =F8/F7-1 -> 0.08755557 | G26: =G8/G7-1 -> 0.1091438 | H26: =H8/H7-1 -> 0.11247415
C27: =C9/C8-1 -> 0.025798615 | D27: =D9/D8-1 -> 0.012231644 | E27: =E9/E8-1 -> -0.013225765 | F27: =F9/F8-1 -> 0.022362046 | G27: =G9/G8-1 -> 0.0088405263 | H27: =H9/H8-1 -> 0.034867215
C28: =C10/C9-1 -> 0.029833049 | D28: =D10/D9-1 -> 0.024112136 | E28: =E10/E9-1 -> -0.0055551851 | F28: =F10/F9-1 -> 0.024480321 | G28: =G10/G9-1 -> 0.018789143 | H28: =H10/H9-1 -> 0.04918273
B29: =B11 -> 2019 | C29: =C11/C10-1 -> 0.061701861 | D29: =D11/D10-1 -> 0.054841205 | E29: =E11/E10-1 -> -0.0064619419 | F29: =F11/F10-1 -> -0.016909759 | G29: =G11/G10-1 -> -0.023262431 | H29: =H11/H10-1 -> 0.037004095 | J29: =J11 -> 2019 | K29: =K11/K10-1 -> 0.061701861 | L29: =L11/L10-1 -> 0.054841205 | M29: =M11/M10-1 -> -0.0064619419 | N29: =N11/N10-1 -> -0.016909759 | O29: =O11/O10-1 -> -0.023262431 | P29: =P11/P10-1 -> 0.037004095 | R29: =C29-K29 -> 0 | S29: =D29-L29 -> 0 | T29: =E29-M29 -> 0 | U29: =F29-N29 -> 0 | V29: =G29-O29 -> 0 | W29: =H29-P29 -> 0
B30: =B12 -> 2020 | C30: =C12/C11-1 -> -0.057347876 | D30: =D12/D11-1 -> -0.41203096 | E30: =E12/E11-1 -> -0.37626084 | F30: =F12/F11-1 -> -0.22297622 | G30: =G12/G11-1 -> -0.51533984 | H30: =H12/H11-1 -> -0.54313407 | J30: =J12 -> 2020 | K30: =K12/K11-1 -> -0.057347876 | L30: =L12/L11-1 -> -0.41203096 | M30: =M12/M11-1 -> -0.37626084 | N30: =N12/N11-1 -> -0.22297622 | O30: =O12/O11-1 -> -0.51533984 | P30: =P12/P11-1 -> -0.54313407 | R30: =C30-K30 -> 0 | S30: =D30-L30 -> 0 | T30: =E30-M30 -> 0 | U30: =F30-N30 -> 0 | V30: =G30-O30 -> 0 | W30: =H30-P30 -> 0
B31: =B13 -> 2021 | C31: =C13/C12-1 -> 0.041774878 | D31: =D13/D12-1 -> 0.34537568 | E31: =E13/E12-1 -> 0.29142649 | F31: =F13/F12-1 -> 0.17126384 | G31: =G13/G12-1 -> 0.51260116 | H31: =H13/H12-1 -> 0.57578989 | J31: =J13 -> 2021 | K31: =K13/K12-1 -> 0.041774878 | L31: =L13/L12-1 -> 0.34537568 | M31: =M13/M12-1 -> 0.29142649 | N31: =N13/N12-1 -> 0.17126384 | O31: =O13/O12-1 -> 0.51260116 | P31: =P13/P12-1 -> 0.57578989 | R31: =C31-K31 -> 0 | S31: =D31-L31 -> 0 | T31: =E31-M31 -> 0 | U31: =F31-N31 -> 0 | V31: =G31-O31 -> 0 | W31: =H31-P31 -> 0
B32: =B14 -> 2022 | C32: =C14/C13-1 -> 0.043808687 | D32: =D14/D13-1 -> 0.1552862 | E32: =E14/E13-1 -> 0.1067988 | F32: =F14/F13-1 -> 0.22336679 | G32: =G14/G13-1 -> 0.3540209 | H32: =H14/H13-1 -> 0.41333877 | J32: =J14 -> 2022 | K32: =K14/K13-1 -> 0.043808687 | L32: =L14/L13-1 -> 0.1552862 | M32: =M14/M13-1 -> 0.1067988 | N32: =N14/N13-1 -> 0.22336679 | O32: =O14/O13-1 -> 0.3540209 | P32: =P14/P13-1 -> 0.41333877 | R32: =C32-K32 -> 0 | S32: =D32-L32 -> 0 | T32: =E32-M32 -> 0 | U32: =F32-N32 -> 0 | V32: =G32-O32 -> 0 | W32: =H32-P32 -> 0
B33: 2023 | C33: =C15/C14-1 -> 0.013002664 | D33: =D15/D14-1 -> 0.028558604 | E33: =E15/E14-1 -> 0.015356267 | F33: =F15/F14-1 -> 0.031549674 | G33: =G15/G14-1 -> 0.047390426 | H33: =H15/H14-1 -> 0.061009292 | J33: 2023 | K33: =K15/K14-1 -> 0.013002664 | L33: =L15/L14-1 -> 0.028558604 | M33: =M15/M14-1 -> 0.015356267 | N33: =N15/N14-1 -> 0.031549674 | O33: =O15/O14-1 -> 0.047390426 | P33: =P15/P14-1 -> 0.061009292 | R33: =C33-K33 -> 0 | S33: =D33-L33 -> 0 | T33: =E33-M33 -> 0 | U33: =F33-N33 -> 0 | V33: =G33-O33 -> 0 | W33: =H33-P33 -> 0
B34: 2024 | C34: =C16/C15-1 -> -0.0012216735 | D34: =D16/D15-1 -> 0.0054931346 | E34: =E16/E15-1 -> 0.0067230214 | F34: =F16/F15-1 -> -0.047985539 | G34: =G16/G15-1 -> -0.041585125 | H34: =H16/H15-1 -> -0.042755996 | J34: 2024 | K34: =K16/K15-1 -> -0.0012216735 | L34: =L16/L15-1 -> 0.0054931346 | M34: =M16/M15-1 -> 0.0067230214 | N34: =N16/N15-1 -> -0.047985539 | O34: =O16/O15-1 -> -0.041585125 | P34: =P16/P15-1 -> -0.042755996 | R34: =C34-K34 -> 0 | S34: =D34-L34 -> 0 | T34: =E34-M34 -> 0 | U34: =F34-N34 -> 0 | V34: =G34-O34 -> 0 | W34: =H34-P34 -> 0
B35: 2025 | C35: =C17/C16-1 -> -0.00793462 | D35: =D17/D16-1 -> -0.01073334 | E35: =E17/E16-1 -> -0.0028211039 | F35: =F17/F16-1 -> 0.0046801272 | G35: =G17/G16-1 -> 0.0018458202 | H35: =H17/H16-1 -> -0.0061034457 | J35: 2025 | K35: =K17/K16-1 -> -0.00793462 | L35: =L17/L16-1 -> -0.01073334 | M35: =M17/M16-1 -> -0.0028211039 | N35: =N17/N16-1 -> 0.0046801272 | O35: =O17/O16-1 -> 0.0018458202 | P35: =P17/P16-1 -> -0.0061034457 | R35: =C35-K35 -> 0 | S35: =D35-L35 -> 0 | T35: =E35-M35 -> 0 | U35: =F35-N35 -> 0 | V35: =G35-O35 -> 0 | W35: =H35-P35 -> 0
B36: 2026 | C36: =C18/C17-1 -> -0.0065005561 | D36: =D18/D17-1 -> 0.018003613 | E36: =E18/E17-1 -> 0.024664503 | F36: =F18/F17-1 -> 0.034026786 | G36: =G18/G17-1 -> 0.059530542 | H36: =H18/H17-1 -> 0.052643004 | J36: 2026 | K36: =K18/K17-1 -> 0.0032245347 | L36: =L18/L17-1 -> 0.015103421 | M36: =M18/M17-1 -> 0.011840705 | N36: =N18/N17-1 -> 0.027757049 | O36: =O18/O17-1 -> 0.039926418 | P36: =P18/P17-1 -> 0.043279696 | R36: =C36-K36 -> -0.0097250908 | S36: =D36-L36 -> 0.0029001928 | T36: =E36-M36 -> 0.012823797 | U36: =F36-N36 -> 0.0062697364 | V36: =G36-O36 -> 0.019604124 | W36: =H36-P36 -> 0.009363308
B37: 2027 | C37: =C19/C18-1 -> 0.009692035 | D37: =D19/D18-1 -> 0.01254798 | E37: =E19/E18-1 -> 0.0028285306 | F37: =F19/F18-1 -> 0.036369825 | G37: =G19/G18-1 -> 0.039301229 | H37: =H19/H18-1 -> 0.049374173 | J37: 2027 | K37: =K19/K18-1 -> 0.012500073 | L37: =L19/L18-1 -> 0.010306112 | M37: =M19/M18-1 -> -0.0021668749 | N37: =N19/N18-1 -> 0.020030432 | O37: =O19/O18-1 -> 0.017820153 | P37: =P19/P18-1 -> 0.03054298 | R37: =C37-K37 -> -0.0028080383 | S37: =D37-L37 -> 0.0022418675 | T37: =E37-M37 -> 0.0049954055 | U37: =F37-N37 -> 0.016339393 | V37: =G37-O37 -> 0.021481075 | W37: =H37-P37 -> 0.018831193
B38: 2028 | C38: =C20/C19-1 -> 0.017866457 | D38: =D20/D19-1 -> 0.021385666 | E38: =E20/E19-1 -> 0.0034574361 | F38: =F20/F19-1 -> 0.0032983069 | G38: =G20/G19-1 -> 0.0067671467 | H38: =H20/H19-1 -> 0.024754509 | J38: 2028 | K38: =K20/K19-1 -> 0.0044606471 | L38: =L20/L19-1 -> 0.021120392 | M38: =M20/M19-1 -> 0.016585761 | N38: =N20/N19-1 -> 0.023229312 | O38: =O20/O19-1 -> 0.040200349 | P38: =P20/P19-1 -> 0.044840316 | R38: =C38-K38 -> 0.01340581 | S38: =D38-L38 -> 0.00026527403 | T38: =E38-M38 -> -0.013128325 | U38: =F38-N38 -> -0.019931005 | V38: =G38-O38 -> -0.033433202 | W38: =H38-P38 -> -0.020085806
B39: 2029 | C39: =C21/C20-1 -> 0.005 | D39: =D21/D20-1 -> 0.015516166 | E39: =E21/E20-1 -> 0.010463847 | F39: =F21/F20-1 -> 0.016296057 | G39: =G21/G20-1 -> 0.026930424 | H39: =H21/H20-1 -> 0.032065076 | J39: 2029 | K39: =K21/K20-1 -> 0.005 | L39: =L21/L20-1 -> 0.015396242 | M39: =M21/M20-1 -> 0.010344519 | N39: =N21/N20-1 -> 0.016385013 | O39: =O21/O20-1 -> 0.026899027 | P39: =P21/P20-1 -> 0.032033522 | R39: =C39-K39 -> 0 | S39: =D39-L39 -> 0.00011992451 | T39: =E39-M39 -> 0.00011932787 | U39: =F39-N39 -> -8.895543e-05 | V39: =G39-O39 -> 3.1396817e-05 | W39: =H39-P39 -> 3.1553801e-05
B41: Source: CoStar; Tourism Economics

Sheet North Coast
B1: Forecast summary: Annual, North Coast
K2: Prior forecast | R2: Current compared to prior (difference)
C3: Hotel supply (daily) | D3: Hotel room demand (daily) | E3: Occupancy | F3: ADR | G3: RevPAR | H3: Room revenue | K3: Hotel supply (daily) | L3: Hotel room demand (daily) | M3: Occupancy | N3: ADR | O3: RevPAR | P3: Room revenue | R3: Hotel supply (daily) | S3: Hotel room demand (daily) | T3: Occupancy | U3: ADR | V3: RevPAR | W3: Room revenue
B4: Levels | J4: Levels
C5: 14698.33 | D5: 8430.775 | E5: =D5/C5 -> 0.57358726 | F5: 0 | G5: =(H5/365)/C5 -> 0 | H5: =D5*F5*365 -> 0 | K5: 14698.33 | L5: 8430.775 | M5: 0.57358726 | N5: 0 | O5: 0 | P5: 0
C6: 14871.356 | D6: 8977.5514 | E6: =D6/C6 -> 0.60368074 | F6: 93.815199 | G6: =(H6/365)/C6 -> 56.634429 | H6: =D6*F6*365 -> 3.0741423e+08 | K6: 14871.356 | L6: 8977.5514 | M6: 0.60368074 | N6: 93.815199 | O6: 56.634429 | P6: 3.0741423e+08
C7: 14990.031 | D7: 9578.0864 | E7: =D7/C7 -> 0.63896375 | F7: 99.066675 | G7: =(H7/365)/C7 -> 63.300014 | H7: =D7*F7*365 -> 3.4633725e+08 | K7: 14990.031 | L7: 9578.0864 | M7: 0.63896375 | N7: 99.066675 | O7: 63.300014 | P7: 3.4633725e+08
C8: 15231.713 | D8: 9910.7698 | E8: =D8/C8 -> 0.65066679 | F8: 105.46839 | G8: =(H8/365)/C8 -> 68.624776 | H8: =D8*F8*365 -> 3.8152461e+08 | K8: 15231.713 | L8: 9910.7698 | M8: 0.65066679 | N8: 105.46839 | O8: 68.624776 | P8: 3.8152461e+08
C9: 15079.575 | D9: 10042.286 | E9: =D9/C9 -> 0.66595287 | F9: 109.17473 | G9: =(H9/365)/C9 -> 72.705223 | H9: =D9*F9*365 -> 4.0017281e+08 | K9: 15079.575 | L9: 10042.286 | M9: 0.66595287 | N9: 109.17473 | O9: 72.705223 | P9: 4.0017281e+08
C10: 14382.898 | D10: 9436.6528 | E10: =D10/C10 -> 0.65610232 | F10: 110.1354 | G10: =(H10/365)/C10 -> 72.260089 | H10: =D10*F10*365 -> 3.7934797e+08 | K10: 14382.898 | L10: 9436.6528 | M10: 0.65610232 | N10: 110.1354 | O10: 72.260089 | P10: 3.7934797e+08
B11: 2019 | C11: 8374.9167 | D11: 5500.7115 | E11: =D11/C11 -> 0.6568079 | F11: 134.23243 | G11: =(H11/365)/C11 -> 88.164919 | H11: =D11*F11*365 -> 2.6950645e+08 | J11: 2019 | K11: 8374.9167 | L11: 5500.7115 | M11: 0.6568079 | N11: 134.23243 | O11: 88.164919 | P11: 2.6950645e+08
B12: 2020 | C12: 8110.8333 | D12: 4604.5585 | E12: =D12/C12 -> 0.56770473 | F12: 119.15369 | G12: =(H12/365)/C12 -> 67.644113 | H12: =D12*F12*365 -> 2.002573e+08 | J12: 2020 | K12: 8110.8333 | L12: 4604.5585 | M12: 0.56770473 | N12: 119.15369 | O12: 67.644113 | P12: 2.002573e+08
B13: 2021 | C13: 8310 | D13: 5625.4588 | E13: =D13/C13 -> 0.67695052 | F13: 152.93502 | G13: =(H13/365)/C13 -> 103.52944 | H13: =D13*F13*365 -> 3.1402032e+08 | J13: 2021 | K13: 8310 | L13: 5625.4588 | M13: 0.67695052 | N13: 152.93502 | O13: 103.52944 | P13: 3.1402032e+08
B14: 2022 | C14: 8547.8333 | D14: 5108.5746 | E14: =D14/C14 -> 0.59764556 | F14: 175.47467 | G14: =(H14/365)/C14 -> 104.87166 | H14: =D14*F14*365 -> 3.2719529e+08 | J14: 2022 | K14: 8547.8333 | L14: 5108.5746 | M14: 0.59764556 | N14: 175.47467 | O14: 104.87166 | P14: 3.2719529e+08
B15: 2023 | C15: 8587.2769 | D15: 4668.8343 | E15: =D15/C15 -> 0.54369206 | F15: 175.06058 | G15: =(H15/365)/C15 -> 95.179048 | H15: =D15*F15*365 -> 2.9832503e+08 | J15: 2023 | K15: 8587.2769 | L15: 4668.8343 | M15: 0.54369206 | N15: 175.06058 | O15: 95.179048 | P15: 2.9832503e+08
B16: 2024 | C16: 8679.75 | D16: 4781.5462 | E16: =D16/C16 -> 0.55088524 | F16: 167.46625 | G16: =(H16/365)/C16 -> 92.254683 | H16: =D16*F16*365 -> 2.9227287e+08 | J16: 2024 | K16: 8679.75 | L16: 4781.5462 | M16: 0.55088524 | N16: 167.46625 | O16: 92.254683 | P16: 2.9227287e+08
B17: 2025 | C17: 8685.5833 | D17: 4735.5694 | E17: =D17/C17 -> 0.5452218 | F17: 170.775 | G17: =(H17/365)/C17 -> 93.110254 | H17: =D17*F17*365 -> 2.9518166e+08 | J17: 2025 | K17: 8685.5833 | L17: 4735.5694 | M17: 0.5452218 | N17: 170.775 | O17: 93.110254 | P17: 2.9518166e+08 | R17: =C17-K17 -> 0 | S17: =D17-L17 -> 0 | T17: =E17-M17 -> 0 | U17: =F17-N17 -> 0 | V17: =G17-O17 -> 0 | W17: =H17-P17 -> 0
B18: 2026 | C18: 8517.0833 | D18: 4870.7898 | E18: =D18/C18 -> 0.57188471 | F18: 171.78337 | G18: =(H18/365)/C18 -> 98.240285 | H18: =D18*F18*365 -> 3.0540305e+08 | J18: 2026 | K18: 8610.625 | L18: 4795.2453 | M18: 0.55689864 | N18: 173.03018 | O18: 96.360274 | P18: 3.028486e+08 | R18: =C18-K18 -> -93.541667 | S18: =D18-L18 -> 75.544429 | T18: =E18-M18 -> 0.014986076 | U18: =F18-N18 -> -1.2468114 | V18: =G18-O18 -> 1.8800111 | W18: =H18-P18 -> 2554456.2
B19: 2027 | C19: 8560.5 | D19: 4940.2592 | E19: =D19/C19 -> 0.57709937 | F19: 173.65751 | G19: =(H19/365)/C19 -> 100.21764 | H19: =D19*F19*365 -> 3.1313828e+08 | J19: 2027 | K19: 8691.85 | L19: 4893.7835 | M19: 0.56303129 | N19: 175.01668 | O19: 98.539866 | P19: 3.1262021e+08 | R19: =C19-K19 -> -131.35 | S19: =D19-L19 -> 46.475718 | T19: =E19-M19 -> 0.014068089 | U19: =F19-N19 -> -1.3591703 | V19: =G19-O19 -> 1.6777739 | W19: =H19-P19 -> 518070.88
B20: 2028 | C20: 8605.5 | D20: 5016.9844 | E20: =D20/C20 -> 0.58299744 | F20: 176.54407 | G20: =(H20/365)/C20 -> 102.92474 | H20: =D20*F20*365 -> 3.2328739e+08 | J20: 2028 | K20: 8756.0665 | L20: 4965.0373 | M20: 0.5670397 | N20: 177.55176 | O20: 100.67889 | P20: 3.2176615e+08 | R20: =C20-K20 -> -150.56645 | S20: =D20-L20 -> 51.947177 | T20: =E20-M20 -> 0.01595774 | U20: =F20-N20 -> -1.0076834 | V20: =G20-O20 -> 2.245848 | W20: =H20-P20 -> 1521239.9
B21: 2029 | C21: 8651.4803 | D21: 5093.6287 | E21: =D21/C21 -> 0.58875806 | F21: 179.15322 | G21: =(H21/365)/C21 -> 105.4779 | H21: =D21*F21*365 -> 3.330771e+08 | J21: 2029 | K21: 8802.8513 | L21: 5045.7148 | M21: 0.57319096 | N21: 180.33163 | O21: 103.36446 | P21: 3.3211421e+08 | R21: =C21-K21 -> -151.37095 | S21: =D21-L21 -> 47.913972 | T21: =E21-M21 -> 0.015567097 | U21: =F21-N21 -> -1.1784052 | V21: =G21-O21 -> 2.1134443 | W21: =H21-P21 -> 962886.74
B23: Growth | J23: Growth
C24: =C6/C5-1 -> 0.011771825 | D24: =D6/D5-1 -> 0.064854829 | E24: =E6/E5-1 -> 0.05246539 | F24: =F6/F5-1 -> #DIV/0! | G24: =G6/G5-1 -> #DIV/0! | H24: =H6/H5-1 -> #DIV/0!
C25: =C7/C6-1 -> 0.007980081 | D25: =D7/D6-1 -> 0.066892965 | E25: =E7/E6-1 -> 0.058446476 | F25: =F7/F6-1 -> 0.055976812 | G25: =G7/G6-1 -> 0.11769494 | H25: =H7/H6-1 -> 0.12661423
C26: =C8/C7-1 -> 0.016122859 | D26: =D8/D7-1 -> 0.034733803 | E26: =E8/E7-1 -> 0.018315644 | F26: =F8/F7-1 -> 0.064620237 | G26: =G8/G7-1 -> 0.084119442 | H26: =H8/H7-1 -> 0.10159855
C27: =C9/C8-1 -> -0.0099882424 | D27: =D9/D8-1 -> 0.013270057 | E27: =E9/E8-1 -> 0.023492952 | F27: =F9/F8-1 -> 0.035141719 | G27: =G9/G8-1 -> 0.059460254 | H27: =H9/H8-1 -> 0.048878108
C28: =C10/C9-1 -> -0.04620004 | D28: =D10/D9-1 -> -0.060308332 | E28: =E10/E9-1 -> -0.014791668 | F28: =F10/F9-1 -> 0.008799385 | G28: =G10/G9-1 -> -0.0061224402 | H28: =H10/H9-1 -> -0.052039623
B29: =B11 -> 2019 | C29: =C11/C10-1 -> -0.41771703 | D29: =D11/D10-1 -> -0.41709083 | E29: =E11/E10-1 -> 0.0010754253 | F29: =F11/F10-1 -> 0.21879459 | G29: =G11/G10-1 -> 0.22010531 | H29: =H11/H10-1 -> -0.28955345 | J29: =J11 -> 2019 | K29: =K11/K10-1 -> -0.41771703 | L29: =L11/L10-1 -> -0.41709083 | M29: =M11/M10-1 -> 0.0010754253 | N29: =N11/N10-1 -> 0.21879459 | O29: =O11/O10-1 -> 0.22010531 | P29: =P11/P10-1 -> -0.28955345 | R29: =C29-K29 -> 0 | S29: =D29-L29 -> 0 | T29: =E29-M29 -> 0 | U29: =F29-N29 -> 0 | V29: =G29-O29 -> 0 | W29: =H29-P29 -> 0
B30: =B12 -> 2020 | C30: =C12/C11-1 -> -0.031532652 | D30: =D12/D11-1 -> -0.16291583 | E30: =E12/E11-1 -> -0.13566093 | F30: =F12/F11-1 -> -0.11233305 | G30: =G12/G11-1 -> -0.23275477 | H30: =H12/H11-1 -> -0.25694805 | J30: =J12 -> 2020 | K30: =K12/K11-1 -> -0.031532652 | L30: =L12/L11-1 -> -0.16291583 | M30: =M12/M11-1 -> -0.13566093 | N30: =N12/N11-1 -> -0.11233305 | O30: =O12/O11-1 -> -0.23275477 | P30: =P12/P11-1 -> -0.25694805 | R30: =C30-K30 -> 0 | S30: =D30-L30 -> 0 | T30: =E30-M30 -> 0 | U30: =F30-N30 -> 0 | V30: =G30-O30 -> 0 | W30: =H30-P30 -> 0
B31: =B13 -> 2021 | C31: =C13/C12-1 -> 0.024555635 | D31: =D13/D12-1 -> 0.22171515 | E31: =E13/E12-1 -> 0.19243417 | F31: =F13/F12-1 -> 0.28351055 | G31: =G13/G12-1 -> 0.53050183 | H31: =H13/H12-1 -> 0.56808427 | J31: =J13 -> 2021 | K31: =K13/K12-1 -> 0.024555635 | L31: =L13/L12-1 -> 0.22171515 | M31: =M13/M12-1 -> 0.19243417 | N31: =N13/N12-1 -> 0.28351055 | O31: =O13/O12-1 -> 0.53050183 | P31: =P13/P12-1 -> 0.56808427 | R31: =C31-K31 -> 0 | S31: =D31-L31 -> 0 | T31: =E31-M31 -> 0 | U31: =F31-N31 -> 0 | V31: =G31-O31 -> 0 | W31: =H31-P31 -> 0
B32: =B14 -> 2022 | C32: =C14/C13-1 -> 0.028620136 | D32: =D14/D13-1 -> -0.091883032 | E32: =E14/E13-1 -> -0.11715031 | F32: =F14/F13-1 -> 0.14738059 | G32: =G14/G13-1 -> 0.012964598 | H32: =H14/H13-1 -> 0.041955783 | J32: =J14 -> 2022 | K32: =K14/K13-1 -> 0.028620136 | L32: =L14/L13-1 -> -0.091883032 | M32: =M14/M13-1 -> -0.11715031 | N32: =N14/N13-1 -> 0.14738059 | O32: =O14/O13-1 -> 0.012964598 | P32: =P14/P13-1 -> 0.041955783 | R32: =C32-K32 -> 0 | S32: =D32-L32 -> 0 | T32: =E32-M32 -> 0 | U32: =F32-N32 -> 0 | V32: =G32-O32 -> 0 | W32: =H32-P32 -> 0
B33: 2023 | C33: =C15/C14-1 -> 0.0046144499 | D33: =D15/D14-1 -> -0.086078868 | E33: =E15/E14-1 -> -0.090276741 | F33: =F15/F14-1 -> -0.0023598267 | G33: =G15/G14-1 -> -0.09242353 | H33: =H15/H14-1 -> -0.088235564 | J33: 2023 | K33: =K15/K14-1 -> 0.0046144499 | L33: =L15/L14-1 -> -0.086078868 | M33: =M15/M14-1 -> -0.090276741 | N33: =N15/N14-1 -> -0.0023598267 | O33: =O15/O14-1 -> -0.09242353 | P33: =P15/P14-1 -> -0.088235564 | R33: =C33-K33 -> 0 | S33: =D33-L33 -> 0 | T33: =E33-M33 -> 0 | U33: =F33-N33 -> 0 | V33: =G33-O33 -> 0 | W33: =H33-P33 -> 0
B34: 2024 | C34: =C16/C15-1 -> 0.01076862 | D34: =D16/D15-1 -> 0.024141333 | E34: =E16/E15-1 -> 0.013230242 | F34: =F16/F15-1 -> -0.043381181 | G34: =G16/G15-1 -> -0.030724883 | H34: =H16/H15-1 -> -0.020287128 | J34: 2024 | K34: =K16/K15-1 -> 0.01076862 | L34: =L16/L15-1 -> 0.024141333 | M34: =M16/M15-1 -> 0.013230242 | N34: =N16/N15-1 -> -0.043381181 | O34: =O16/O15-1 -> -0.030724883 | P34: =P16/P15-1 -> -0.020287128 | R34: =C34-K34 -> 0 | S34: =D34-L34 -> 0 | T34: =E34-M34 -> 0 | U34: =F34-N34 -> 0 | V34: =G34-O34 -> 0 | W34: =H34-P34 -> 0
B35: 2025 | C35: =C17/C16-1 -> 0.00067206237 | D35: =D17/D16-1 -> -0.0096154675 | E35: =E17/E16-1 -> -0.010280621 | F35: =F17/F16-1 -> 0.019757753 | G35: =G17/G16-1 -> 0.0092740104 | H35: =H17/H16-1 -> 0.0099523055 | J35: 2025 | K35: =K17/K16-1 -> 0.00067206237 | L35: =L17/L16-1 -> -0.0096154675 | M35: =M17/M16-1 -> -0.010280621 | N35: =N17/N16-1 -> 0.019757753 | O35: =O17/O16-1 -> 0.0092740104 | P35: =P17/P16-1 -> 0.0099523055 | R35: =C35-K35 -> 0 | S35: =D35-L35 -> 0 | T35: =E35-M35 -> 0 | U35: =F35-N35 -> 0 | V35: =G35-O35 -> 0 | W35: =H35-P35 -> 0
B36: 2026 | C36: =C18/C17-1 -> -0.019399964 | D36: =D18/D17-1 -> 0.028554196 | E36: =E18/E17-1 -> 0.048902874 | F36: =F18/F17-1 -> 0.0059046801 | G36: =G18/G17-1 -> 0.05509631 | H36: =H18/H17-1 -> 0.03462748 | J36: 2026 | K36: =K18/K17-1 -> -0.0086302014 | L36: =L18/L17-1 -> 0.012601642 | M36: =M18/M17-1 -> 0.021416673 | N36: =N18/N17-1 -> 0.013205581 | O36: =O18/O17-1 -> 0.034905074 | P36: =P18/P17-1 -> 0.025973635 | R36: =C36-K36 -> -0.010769762 | S36: =D36-L36 -> 0.015952555 | T36: =E36-M36 -> 0.027486201 | U36: =F36-N36 -> -0.0073009013 | V36: =G36-O36 -> 0.020191236 | W36: =H36-P36 -> 0.0086538448
B37: 2027 | C37: =C19/C18-1 -> 0.005097598 | D37: =D19/D18-1 -> 0.014262459 | E37: =E19/E18-1 -> 0.0091183788 | F37: =F19/F18-1 -> 0.010909874 | G37: =G19/G18-1 -> 0.020127733 | H37: =H19/H18-1 -> 0.025327934 | J37: 2027 | K37: =K19/K18-1 -> 0.0094331132 | L37: =L19/L18-1 -> 0.020549136 | M37: =M19/M18-1 -> 0.011012144 | N37: =N19/N18-1 -> 0.01148062 | O37: =O19/O18-1 -> 0.02261919 | P37: =P19/P18-1 -> 0.032265673 | R37: =C37-K37 -> -0.0043355152 | S37: =D37-L37 -> -0.0062866773 | T37: =E37-M37 -> -0.0018937652 | U37: =F37-N37 -> -0.00057074624 | V37: =G37-O37 -> -0.0024914573 | W37: =H37-P37 -> -0.0069377388
B38: 2028 | C38: =C20/C19-1 -> 0.0052567023 | D38: =D20/D19-1 -> 0.015530611 | E38: =E20/E19-1 -> 0.010220184 | F38: =F20/F19-1 -> 0.016622178 | G38: =G20/G19-1 -> 0.027012244 | H38: =H20/H19-1 -> 0.032410941 | J38: 2028 | K38: =K20/K19-1 -> 0.0073881224 | L38: =L20/L19-1 -> 0.014560061 | M38: =M20/M19-1 -> 0.00711934 | N38: =N20/N19-1 -> 0.014484786 | O38: =O20/O19-1 -> 0.021707248 | P38: =P20/P19-1 -> 0.029255746 | R38: =C38-K38 -> -0.0021314201 | S38: =D38-L38 -> 0.00097055013 | T38: =E38-M38 -> 0.0031008444 | U38: =F38-N38 -> 0.0021373921 | V38: =G38-O38 -> 0.0053049961 | W38: =H38-P38 -> 0.0031551954
B39: 2029 | C39: =C21/C20-1 -> 0.0053431317 | D39: =D21/D20-1 -> 0.015276966 | E39: =E21/E20-1 -> 0.0098810384 | F39: =F21/F20-1 -> 0.014779017 | G39: =G21/G20-1 -> 0.024806087 | H39: =H21/H20-1 -> 0.030281761 | J39: 2029 | K39: =K21/K20-1 -> 0.0053431317 | L39: =L21/L20-1 -> 0.016249124 | M39: =M21/M20-1 -> 0.01084803 | N39: =N21/N20-1 -> 0.015656672 | O39: =O21/O20-1 -> 0.026674545 | P39: =P21/P20-1 -> 0.032160203 | R39: =C39-K39 -> 0 | S39: =D39-L39 -> -0.00097215796 | T39: =E39-M39 -> -0.0009669912 | U39: =F39-N39 -> -0.0008776552 | V39: =G39-O39 -> -0.0018684584 | W39: =H39-P39 -> -0.0018784418
B41: Source: CoStar; Tourism Economics

Sheet Orange County
B1: Forecast summary: Annual, Orange County
K2: Prior forecast | R2: Current compared to prior (difference)
C3: Hotel supply (daily) | D3: Hotel room demand (daily) | E3: Occupancy | F3: ADR | G3: RevPAR | H3: Room revenue | K3: Hotel supply (daily) | L3: Hotel room demand (daily) | M3: Occupancy | N3: ADR | O3: RevPAR | P3: Room revenue | R3: Hotel supply (daily) | S3: Hotel room demand (daily) | T3: Occupancy | U3: ADR | V3: RevPAR | W3: Room revenue
B4: Levels | J4: Levels
C5: 53999.111 | D5: 40563.346 | E5: =D5/C5 -> 0.75118544 | F5: 0 | G5: =(H5/365)/C5 -> 0 | H5: =D5*F5*365 -> 0 | K5: 53999.111 | L5: 40563.346 | M5: 0.75118544 | N5: 0 | O5: 0 | P5: 0
C6: 54512.331 | D6: 41639.151 | E6: =D6/C6 -> 0.7638483 | F6: 135.46613 | G6: =(H6/365)/C6 -> 103.47557 | H6: =D6*F6*365 -> 2.0588536e+09 | K6: 54512.331 | L6: 41639.151 | M6: 0.7638483 | N6: 135.46613 | O6: 103.47557 | P6: 2.0588536e+09
C7: 55150.5 | D7: 43378.339 | E7: =D7/C7 -> 0.78654481 | F7: 143.87336 | G7: =(H7/365)/C7 -> 113.16285 | H7: =D7*F7*365 -> 2.2779605e+09 | K7: 55150.5 | L7: 43378.339 | M7: 0.78654481 | N7: 143.87336 | O7: 113.16285 | P7: 2.2779605e+09
C8: 56473 | D8: 44153.652 | E8: =D8/C8 -> 0.7818542 | F8: 150.62042 | G8: =(H8/365)/C8 -> 117.76321 | H8: =D8*F8*365 -> 2.4274112e+09 | K8: 56473 | L8: 44153.652 | M8: 0.7818542 | N8: 150.62042 | O8: 117.76321 | P8: 2.4274112e+09
C9: 57189.917 | D9: 44504.72 | E9: =D9/C9 -> 0.77819173 | F9: 156.24564 | G9: =(H9/365)/C9 -> 121.58907 | H9: =D9*F9*365 -> 2.5380891e+09 | K9: 57189.917 | L9: 44504.72 | M9: 0.77819173 | N9: 156.24564 | O9: 121.58907 | P9: 2.5380891e+09
C10: 57870.417 | D10: 44882.727 | E10: =D10/C10 -> 0.7755729 | F10: 161.79446 | G10: =(H10/365)/C10 -> 125.4834 | H10: =D10*F10*365 -> 2.6505484e+09 | K10: 57870.417 | L10: 44882.727 | M10: 0.7755729 | N10: 161.79446 | O10: 125.4834 | P10: 2.6505484e+09
B11: 2019 | C11: 58282.417 | D11: 45141.361 | E11: =D11/C11 -> 0.77452795 | F11: 161.93677 | G11: =(H11/365)/C11 -> 125.42455 | H11: =D11*F11*365 -> 2.6681668e+09 | J11: 2019 | K11: 58282.417 | L11: 45141.361 | M11: 0.77452795 | N11: 161.93677 | O11: 125.42455 | P11: 2.6681668e+09
B12: 2020 | C12: 50463.167 | D12: 22478.54 | E12: =D12/C12 -> 0.44544449 | F12: 136.02877 | G12: =(H12/365)/C12 -> 60.593264 | H12: =D12*F12*365 -> 1.1160707e+09 | J12: 2020 | K12: 50463.167 | L12: 22478.54 | M12: 0.44544449 | N12: 136.02877 | O12: 60.593264 | P12: 1.1160707e+09
B13: 2021 | C13: 56854.083 | D13: 32935.692 | E13: =D13/C13 -> 0.57930214 | F13: 168.05227 | G13: =(H13/365)/C13 -> 97.353041 | H13: =D13*F13*365 -> 2.020245e+09 | J13: 2021 | K13: 56854.083 | L13: 32935.692 | M13: 0.57930214 | N13: 168.05227 | O13: 97.353041 | P13: 2.020245e+09
B14: 2022 | C14: 60044.083 | D14: 42427.598 | E14: =D14/C14 -> 0.70660747 | F14: 201.90261 | G14: =(H14/365)/C14 -> 142.66589 | H14: =D14*F14*365 -> 3.1266786e+09 | J14: 2022 | K14: 60044.083 | L14: 42427.598 | M14: 0.70660747 | N14: 201.90261 | O14: 142.66589 | P14: 3.1266786e+09
B15: 2023 | C15: 60202.876 | D15: 43160.169 | E15: =D15/C15 -> 0.71691207 | F15: 210.27619 | G15: =(H15/365)/C15 -> 150.74954 | H15: =D15*F15*365 -> 3.3125779e+09 | J15: 2023 | K15: 60202.876 | L15: 43160.169 | M15: 0.71691207 | N15: 210.27619 | O15: 150.74954 | P15: 3.3125779e+09
B16: 2024 | C16: 60992.833 | D16: 43783.753 | E16: =D16/C16 -> 0.71785079 | F16: 208.36608 | G16: =(H16/365)/C16 -> 149.57576 | H16: =D16*F16*365 -> 3.3299129e+09 | J16: 2024 | K16: 60992.833 | L16: 43783.753 | M16: 0.71785079 | N16: 208.36608 | O16: 149.57576 | P16: 3.3299129e+09
B17: 2025 | C17: 60662.917 | D17: 44152.017 | E17: =D17/C17 -> 0.72782548 | F17: 210.32954 | G17: =(H17/365)/C17 -> 153.0832 | H17: =D17*F17*365 -> 3.3895627e+09 | J17: 2025 | K17: 60662.917 | L17: 44152.017 | M17: 0.72782548 | N17: 210.32954 | O17: 153.0832 | P17: 3.3895627e+09 | R17: =C17-K17 -> 0 | S17: =D17-L17 -> 0 | T17: =E17-M17 -> 0 | U17: =F17-N17 -> 0 | V17: =G17-O17 -> 0 | W17: =H17-P17 -> 0
B18: 2026 | C18: 60204.083 | D18: 45177.352 | E18: =D18/C18 -> 0.75040345 | F18: 215.50502 | G18: =(H18/365)/C18 -> 161.71571 | H18: =D18*F18*365 -> 3.5536204e+09 | J18: 2026 | K18: 60408.458 | L18: 44689.278 | M18: 0.73978511 | N18: 212.57433 | O18: 157.25932 | P18: 3.4674246e+09 | R18: =C18-K18 -> -204.375 | S18: =D18-L18 -> 488.07354 | T18: =E18-M18 -> 0.010618335 | U18: =F18-N18 -> 2.9306932 | V18: =G18-O18 -> 4.4563877 | W18: =H18-P18 -> 86195795
B19: 2027 | C19: 60342.417 | D19: 45540.1 | E19: =D19/C19 -> 0.75469466 | F19: 218.55457 | G19: =(H19/365)/C19 -> 164.94197 | H19: =D19*F19*365 -> 3.6328439e+09 | J19: 2027 | K19: 60944.55 | L19: 45405.411 | M19: 0.74502825 | N19: 216.2042 | O19: 161.07823 | P19: 3.5831468e+09 | R19: =C19-K19 -> -602.13333 | S19: =D19-L19 -> 134.68854 | T19: =E19-M19 -> 0.0096664157 | U19: =F19-N19 -> 2.3503749 | V19: =G19-O19 -> 3.863735 | W19: =H19-P19 -> 49697135
B20: 2028 | C20: 61056.758 | D20: 46387.796 | E20: =D20/C20 -> 0.75974875 | F20: 223.36086 | G20: =(H20/365)/C20 -> 169.69814 | H20: =D20*F20*365 -> 3.7818446e+09 | J20: 2028 | K20: 61739.798 | L20: 46293.195 | M20: 0.74981125 | N20: 221.49038 | O20: 166.07598 | P20: 3.7425264e+09 | R20: =C20-K20 -> -683.03941 | S20: =D20-L20 -> 94.60104 | T20: =E20-M20 -> 0.0099375023 | U20: =F20-N20 -> 1.870488 | V20: =G20-O20 -> 3.622162 | W20: =H20-P20 -> 39318178
B21: 2029 | C21: 61783.081 | D21: 47167.381 | E21: =D21/C21 -> 0.76343524 | F21: 226.7231 | G21: =(H21/365)/C21 -> 173.0884 | H21: =D21*F21*365 -> 3.9032862e+09 | J21: 2029 | K21: 62474.258 | L21: 47077.5 | M21: 0.75355037 | N21: 224.79936 | O21: 169.39764 | P21: 3.8627921e+09 | R21: =C21-K21 -> -691.17734 | S21: =D21-L21 -> 89.880963 | T21: =E21-M21 -> 0.009884873 | U21: =F21-N21 -> 1.9237373 | V21: =G21-O21 -> 3.690762 | W21: =H21-P21 -> 40494134
B23: Growth | J23: Growth
C24: =C6/C5-1 -> 0.0095042312 | D24: =D6/D5-1 -> 0.026521612 | E24: =E6/E5-1 -> 0.016857167 | F24: =F6/F5-1 -> #DIV/0! | G24: =G6/G5-1 -> #DIV/0! | H24: =H6/H5-1 -> #DIV/0!
C25: =C7/C6-1 -> 0.011706882 | D25: =D7/D6-1 -> 0.041768106 | E25: =E7/E6-1 -> 0.029713373 | F25: =F7/F6-1 -> 0.062061497 | G25: =G7/G6-1 -> 0.093618927 | H25: =H7/H6-1 -> 0.10642179
C26: =C8/C7-1 -> 0.023979837 | D26: =D8/D7-1 -> 0.017873272 | E26: =E8/E7-1 -> -0.0059635602 | F26: =F8/F7-1 -> 0.04689581 | G26: =G8/G7-1 -> 0.040652584 | H26: =H8/H7-1 -> 0.065607264
C27: =C9/C8-1 -> 0.012694857 | D27: =D9/D8-1 -> 0.0079510571 | E27: =E9/E8-1 -> -0.0046843331 | F27: =F9/F8-1 -> 0.037347017 | G27: =G9/G8-1 -> 0.032487738 | H27: =H9/H8-1 -> 0.045595022
C28: =C10/C9-1 -> 0.011898951 | D28: =D10/D9-1 -> 0.008493624 | E28: =E10/E9-1 -> -0.0033652834 | F28: =F10/F9-1 -> 0.035513397 | G28: =G10/G9-1 -> 0.032028601 | H28: =H10/H9-1 -> 0.044308659
B29: =B11 -> 2019 | C29: =C11/C10-1 -> 0.0071193543 | D29: =D11/D10-1 -> 0.0057624373 | E29: =E11/E10-1 -> -0.0013473249 | F29: =F11/F10-1 -> 0.00087956971 | G29: =G11/G10-1 -> -0.00046894028 | H29: =H11/H10-1 -> 0.0066470755 | J29: =J11 -> 2019 | K29: =K11/K10-1 -> 0.0071193543 | L29: =L11/L10-1 -> 0.0057624373 | M29: =M11/M10-1 -> -0.0013473249 | N29: =N11/N10-1 -> 0.00087956971 | O29: =O11/O10-1 -> -0.00046894028 | P29: =P11/P10-1 -> 0.0066470755 | R29: =C29-K29 -> 0 | S29: =D29-L29 -> 0 | T29: =E29-M29 -> 0 | U29: =F29-N29 -> 0 | V29: =G29-O29 -> 0 | W29: =H29-P29 -> 0
B30: =B12 -> 2020 | C30: =C12/C11-1 -> -0.13416139 | D30: =D12/D11-1 -> -0.50204116 | E30: =E12/E11-1 -> -0.42488261 | F30: =F12/F11-1 -> -0.15998839 | G30: =G12/G11-1 -> -0.51689471 | H30: =H12/H11-1 -> -0.58170879 | J30: =J12 -> 2020 | K30: =K12/K11-1 -> -0.13416139 | L30: =L12/L11-1 -> -0.50204116 | M30: =M12/M11-1 -> -0.42488261 | N30: =N12/N11-1 -> -0.15998839 | O30: =O12/O11-1 -> -0.51689471 | P30: =P12/P11-1 -> -0.58170879 | R30: =C30-K30 -> 0 | S30: =D30-L30 -> 0 | T30: =E30-M30 -> 0 | U30: =F30-N30 -> 0 | V30: =G30-O30 -> 0 | W30: =H30-P30 -> 0
B31: =B13 -> 2021 | C31: =C13/C12-1 -> 0.12664518 | D31: =D13/D12-1 -> 0.46520604 | E31: =E13/E12-1 -> 0.30050354 | F31: =F13/F12-1 -> 0.23541718 | G31: =G13/G12-1 -> 0.60666441 | H31: =H13/H12-1 -> 0.81014071 | J31: =J13 -> 2021 | K31: =K13/K12-1 -> 0.12664518 | L31: =L13/L12-1 -> 0.46520604 | M31: =M13/M12-1 -> 0.30050354 | N31: =N13/N12-1 -> 0.23541718 | O31: =O13/O12-1 -> 0.60666441 | P31: =P13/P12-1 -> 0.81014071 | R31: =C31-K31 -> 0 | S31: =D31-L31 -> 0 | T31: =E31-M31 -> 0 | U31: =F31-N31 -> 0 | V31: =G31-O31 -> 0 | W31: =H31-P31 -> 0
B32: =B14 -> 2022 | C32: =C14/C13-1 -> 0.056108547 | D32: =D14/D13-1 -> 0.28819513 | E32: =E14/E13-1 -> 0.21975637 | F32: =F14/F13-1 -> 0.20142741 | G32: =G14/G13-1 -> 0.46544874 | H32: =H14/H13-1 -> 0.54767294 | J32: =J14 -> 2022 | K32: =K14/K13-1 -> 0.056108547 | L32: =L14/L13-1 -> 0.28819513 | M32: =M14/M13-1 -> 0.21975637 | N32: =N14/N13-1 -> 0.20142741 | O32: =O14/O13-1 -> 0.46544874 | P32: =P14/P13-1 -> 0.54767294 | R32: =C32-K32 -> 0 | S32: =D32-L32 -> 0 | T32: =E32-M32 -> 0 | U32: =F32-N32 -> 0 | V32: =G32-O32 -> 0 | W32: =H32-P32 -> 0
B33: 2023 | C33: =C15/C14-1 -> 0.0026446071 | D33: =D15/D14-1 -> 0.017266373 | E33: =E15/E14-1 -> 0.014583199 | F33: =F15/F14-1 -> 0.041473387 | G33: =G15/G14-1 -> 0.056661401 | H33: =H15/H14-1 -> 0.059455855 | J33: 2023 | K33: =K15/K14-1 -> 0.0026446071 | L33: =L15/L14-1 -> 0.017266373 | M33: =M15/M14-1 -> 0.014583199 | N33: =N15/N14-1 -> 0.041473387 | O33: =O15/O14-1 -> 0.056661401 | P33: =P15/P14-1 -> 0.059455855 | R33: =C33-K33 -> 0 | S33: =D33-L33 -> 0 | T33: =E33-M33 -> 0 | U33: =F33-N33 -> 0 | V33: =G33-O33 -> 0 | W33: =H33-P33 -> 0
B34: 2024 | C34: =C16/C15-1 -> 0.013121582 | D34: =D16/D15-1 -> 0.014448151 | E34: =E16/E15-1 -> 0.0013093878 | F34: =F16/F15-1 -> -0.0090838204 | G34: =G16/G15-1 -> -0.0077863269 | H34: =H16/H15-1 -> 0.0052330864 | J34: 2024 | K34: =K16/K15-1 -> 0.013121582 | L34: =L16/L15-1 -> 0.014448151 | M34: =M16/M15-1 -> 0.0013093878 | N34: =N16/N15-1 -> -0.0090838204 | O34: =O16/O15-1 -> -0.0077863269 | P34: =P16/P15-1 -> 0.0052330864 | R34: =C34-K34 -> 0 | S34: =D34-L34 -> 0 | T34: =E34-M34 -> 0 | U34: =F34-N34 -> 0 | V34: =G34-O34 -> 0 | W34: =H34-P34 -> 0
B35: 2025 | C35: =C17/C16-1 -> -0.0054091054 | D35: =D17/D16-1 -> 0.0084109541 | E35: =E17/E16-1 -> 0.01389522 | F35: =F17/F16-1 -> 0.0094231088 | G35: =G17/G16-1 -> 0.023449265 | H35: =H17/H16-1 -> 0.01791332 | J35: 2025 | K35: =K17/K16-1 -> -0.0054091054 | L35: =L17/L16-1 -> 0.0084109541 | M35: =M17/M16-1 -> 0.01389522 | N35: =N17/N16-1 -> 0.0094231088 | O35: =O17/O16-1 -> 0.023449265 | P35: =P17/P16-1 -> 0.01791332 | R35: =C35-K35 -> 0 | S35: =D35-L35 -> 0 | T35: =E35-M35 -> 0 | U35: =F35-N35 -> 0 | V35: =G35-O35 -> 0 | W35: =H35-P35 -> 0
B36: 2026 | C36: =C18/C17-1 -> -0.0075636543 | D36: =D18/D17-1 -> 0.023222842 | E36: =E18/E17-1 -> 0.031021129 | F36: =F18/F17-1 -> 0.024606548 | G36: =G18/G17-1 -> 0.056391 | H36: =H18/H17-1 -> 0.048400824 | J36: 2026 | K36: =K18/K17-1 -> -0.0041946274 | L36: =L18/L17-1 -> 0.012168453 | M36: =M18/M17-1 -> 0.016432007 | N36: =N18/N17-1 -> 0.010672732 | O36: =O18/O17-1 -> 0.027280113 | P36: =P18/P17-1 -> 0.022971055 | R36: =C36-K36 -> -0.0033690269 | S36: =D36-L36 -> 0.011054388 | T36: =E36-M36 -> 0.014589122 | U36: =F36-N36 -> 0.013933816 | V36: =G36-O36 -> 0.029110887 | W36: =H36-P36 -> 0.025429768
B37: 2027 | C37: =C19/C18-1 -> 0.00229774 | D37: =D19/D18-1 -> 0.0080294204 | E37: =E19/E18-1 -> 0.0057185406 | F37: =F19/F18-1 -> 0.014150714 | G37: =G19/G18-1 -> 0.019950176 | H37: =H19/H18-1 -> 0.022293757 | J37: 2027 | K37: =K19/K18-1 -> 0.0088744471 | L37: =L19/L18-1 -> 0.016024715 | M37: =M19/M18-1 -> 0.0070873714 | N37: =N19/N18-1 -> 0.01707576 | O37: =O19/O18-1 -> 0.024284154 | P37: =P19/P18-1 -> 0.033374109 | R37: =C37-K37 -> -0.006576707 | S37: =D37-L37 -> -0.0079952946 | T37: =E37-M37 -> -0.0013688308 | U37: =F37-N37 -> -0.002925046 | V37: =G37-O37 -> -0.0043339777 | W37: =H37-P37 -> -0.011080353
B38: 2028 | C38: =C20/C19-1 -> 0.011838135 | D38: =D20/D19-1 -> 0.018614278 | E38: =E20/E19-1 -> 0.0066968648 | F38: =F20/F19-1 -> 0.021991268 | G38: =G20/G19-1 -> 0.028835405 | H38: =H20/H19-1 -> 0.041014897 | J38: 2028 | K38: =K20/K19-1 -> 0.01304871 | L38: =L20/L19-1 -> 0.019552374 | M38: =M20/M19-1 -> 0.0064198929 | N38: =N20/N19-1 -> 0.024449937 | O38: =O20/O19-1 -> 0.031026796 | P38: =P20/P19-1 -> 0.044480365 | R38: =C38-K38 -> -0.0012105749 | S38: =D38-L38 -> -0.00093809599 | T38: =E38-M38 -> 0.00027697186 | U38: =F38-N38 -> -0.0024586692 | V38: =G38-O38 -> -0.0021913908 | W38: =H38-P38 -> -0.003465468
B39: 2029 | C39: =C21/C20-1 -> 0.011895858 | D39: =D21/D20-1 -> 0.016805834 | E39: =E21/E20-1 -> 0.0048522544 | F39: =F21/F20-1 -> 0.015052917 | G39: =G21/G20-1 -> 0.019978213 | H39: =H21/H20-1 -> 0.032111729 | J39: 2029 | K39: =K21/K20-1 -> 0.011896062 | L39: =L21/L20-1 -> 0.016942138 | M39: =M21/M20-1 -> 0.004986753 | N39: =N21/N20-1 -> 0.014939626 | O39: =O21/O20-1 -> 0.020000879 | P39: =P21/P20-1 -> 0.032134873 | R39: =C39-K39 -> -2.0393997e-07 | S39: =D39-L39 -> -0.00013630353 | T39: =E39-M39 -> -0.0001344986 | U39: =F39-N39 -> 0.0001132917 | V39: =G39-O39 -> -2.2666536e-05 | W39: =H39-P39 -> -2.3144193e-05
B41: Source: CoStar; Tourism Economics

Sheet Shasta Cascade
B1: Forecast summary: Annual, Shasta Cascade
K2: Prior forecast | R2: Current compared to prior (difference)
C3: Hotel supply (daily) | D3: Hotel room demand (daily) | E3: Occupancy | F3: ADR | G3: RevPAR | H3: Room revenue | K3: Hotel supply (daily) | L3: Hotel room demand (daily) | M3: Occupancy | N3: ADR | O3: RevPAR | P3: Room revenue | R3: Hotel supply (daily) | S3: Hotel room demand (daily) | T3: Occupancy | U3: ADR | V3: RevPAR | W3: Room revenue
B4: Levels | J4: Levels
C5: 8934.5596 | D5: 5096.6356 | E5: =D5/C5 -> 0.57044061 | F5: 0 | G5: =(H5/365)/C5 -> 0 | H5: =D5*F5*365 -> 0 | K5: 8934.5596 | L5: 5096.6356 | M5: 0.57044061 | N5: 0 | O5: 0 | P5: 0
C6: 8999.4612 | D6: 5200.4 | E6: =D6/C6 -> 0.57785682 | F6: 80.199289 | G6: =(H6/365)/C6 -> 46.343706 | H6: =D6*F6*365 -> 1.5222996e+08 | K6: 8999.4612 | L6: 5200.4 | M6: 0.57785682 | N6: 80.199289 | O6: 46.343706 | P6: 1.5222996e+08
C7: 8947.5833 | D7: 5437.4919 | E7: =D7/C7 -> 0.60770508 | F7: 83.57539 | G7: =(H7/365)/C7 -> 50.789189 | H7: =D7*F7*365 -> 1.6587078e+08 | K7: 8947.5833 | L7: 5437.4919 | M7: 0.60770508 | N7: 83.57539 | O7: 50.789189 | P7: 1.6587078e+08
C8: 8950 | D8: 5495.3414 | E8: =D8/C8 -> 0.61400463 | F8: 87.699059 | G8: =(H8/365)/C8 -> 53.847628 | H8: =D8*F8*365 -> 1.7590674e+08 | K8: 8950 | L8: 5495.3414 | M8: 0.61400463 | N8: 87.699059 | O8: 53.847628 | P8: 1.7590674e+08
C9: 8888.4167 | D9: 5694.5103 | E9: =D9/C9 -> 0.64066645 | F9: 91.861886 | G9: =(H9/365)/C9 -> 58.852828 | H9: =D9*F9*365 -> 1.9093459e+08 | K9: 8888.4167 | L9: 5694.5103 | M9: 0.64066645 | N9: 91.861886 | O9: 58.852828 | P9: 1.9093459e+08
C10: 9007.5 | D10: 6023.7909 | E10: =D10/C10 -> 0.66875281 | F10: 96.175946 | G10: =(H10/365)/C10 -> 64.317934 | H10: =D10*F10*365 -> 2.1146048e+08 | K10: 9007.5 | L10: 6023.7909 | M10: 0.66875281 | N10: 96.175946 | O10: 64.317934 | P10: 2.1146048e+08
B11: 2019 | C11: 9225.25 | D11: 6490.1336 | E11: =D11/C11 -> 0.70351845 | F11: 96.937906 | G11: =(H11/365)/C11 -> 68.197605 | H11: =D11*F11*365 -> 2.2963608e+08 | J11: 2019 | K11: 9225.25 | L11: 6490.1336 | M11: 0.70351845 | N11: 96.937906 | O11: 68.197605 | P11: 2.2963608e+08
B12: 2020 | C12: 9310.5 | D12: 5326.6412 | E12: =D12/C12 -> 0.57211118 | F12: 96.253683 | G12: =(H12/365)/C12 -> 55.067808 | H12: =D12*F12*365 -> 1.8713872e+08 | J12: 2020 | K12: 9310.5 | L12: 5326.6412 | M12: 0.57211118 | N12: 96.253683 | O12: 55.067808 | P12: 1.8713872e+08
B13: 2021 | C13: 9397.3333 | D13: 6482.3765 | E13: =D13/C13 -> 0.68981021 | F13: 112.80874 | G13: =(H13/365)/C13 -> 77.816622 | H13: =D13*F13*365 -> 2.6691309e+08 | J13: 2021 | K13: 9397.3333 | L13: 6482.3765 | M13: 0.68981021 | N13: 112.80874 | O13: 77.816622 | P13: 2.6691309e+08
B14: 2022 | C14: 9497.3333 | D14: 5715.7258 | E14: =D14/C14 -> 0.60182428 | F14: 119.44743 | G14: =(H14/365)/C14 -> 71.886364 | H14: =D14*F14*365 -> 2.49196e+08 | J14: 2022 | K14: 9497.3333 | L14: 5715.7258 | M14: 0.60182428 | N14: 119.44743 | O14: 71.886364 | P14: 2.49196e+08
B15: 2023 | C15: 9583.0349 | D15: 5270.2037 | E15: =D15/C15 -> 0.54995142 | F15: 117.97892 | G15: =(H15/365)/C15 -> 64.882677 | H15: =D15*F15*365 -> 2.2694713e+08 | J15: 2023 | K15: 9583.0349 | L15: 5270.2037 | M15: 0.54995142 | N15: 117.97892 | O15: 64.882677 | P15: 2.2694713e+08
B16: 2024 | C16: 9808.6667 | D16: 5428.2785 | E16: =D16/C16 -> 0.55341655 | F16: 116.12232 | G16: =(H16/365)/C16 -> 64.264011 | H16: =D16*F16*365 -> 2.3007566e+08 | J16: 2024 | K16: 9808.6667 | L16: 5428.2785 | M16: 0.55341655 | N16: 116.12232 | O16: 64.264011 | P16: 2.3007566e+08
B17: 2025 | C17: 10055.917 | D17: 5475.1143 | E17: =D17/C17 -> 0.54446695 | F17: 116.4008 | G17: =(H17/365)/C17 -> 63.376387 | H17: =D17*F17*365 -> 2.326173e+08 | J17: 2025 | K17: 10055.917 | L17: 5475.1143 | M17: 0.54446695 | N17: 116.4008 | O17: 63.376387 | P17: 2.326173e+08 | R17: =C17-K17 -> 0 | S17: =D17-L17 -> 0 | T17: =E17-M17 -> 0 | U17: =F17-N17 -> 0 | V17: =G17-O17 -> 0 | W17: =H17-P17 -> 0
